y,m,n,g,k,u
30.6,1996-02-14,積體電路電路布局規費收費準則,行政＞經濟部＞智慧財產權目,命令,https://law.moj.gov.tw/LawClass/LawAll.aspx?pcode=J0070029
26.5,2000-03-20,行政程序證人鑑定人日費旅費及鑑定報酬支給標準,行政＞法務部＞法律事務目,命令,https://law.moj.gov.tw/LawClass/LawAll.aspx?pcode=A0030117
26.4,2000-04-19,公害糾紛處理收費辦法,行政＞環境部＞綜合規劃目,命令,https://law.moj.gov.tw/LawClass/LawAll.aspx?pcode=O0080003
26.3,2000-06-21,監察院暨所屬機關訴願文書使用收費標準,監察＞院本部＞院（處）務目,命令,https://law.moj.gov.tw/LawClass/LawAll.aspx?pcode=A0020178
25.4,2001-04-22,「電信終端設備審驗費」收費標準,行政＞國家通訊傳播委員會＞收費標準目,命令,https://law.moj.gov.tw/LawClass/LawAll.aspx?pcode=K0060058
24.1,2002-08-07,放流水水質水量檢驗測定收費標準,行政＞環境部＞水質保護目,命令,https://law.moj.gov.tw/LawClass/LawAll.aspx?pcode=O0070002
23.7,2002-12-31,寵物登記管理及營利性寵物繁殖買賣或寄養業管理收費標準,行政＞農業部＞動物保護目,命令,https://law.moj.gov.tw/LawClass/LawAll.aspx?pcode=M0060030
23.1,2003-08-26,法院選任律師及第三審律師酬金核定支給標準,司法＞院本部＞民事目,命令,https://law.moj.gov.tw/LawClass/LawAll.aspx?pcode=B0010037
22.9,2003-11-14,植物種苗疫病蟲害驗證規費收費標準,行政＞農業部＞動植物防檢疫目,命令,https://law.moj.gov.tw/LawClass/LawAll.aspx?pcode=M0140004
22.4,2004-04-21,經濟部事業廢棄物再利用許可審查規費收費標準,行政＞經濟部＞產業目,命令,https://law.moj.gov.tw/LawClass/LawAll.aspx?pcode=J0030076
22.4,2004-05-05,申請經營數位廣播業務規費收費標準,行政＞國家通訊傳播委員會＞收費標準目,命令,https://law.moj.gov.tw/LawClass/LawAll.aspx?pcode=P0050022
22.3,2004-06-16,配合執行機關至第一類電信業者機房執行個案臨時監察之收費標準,行政＞國家通訊傳播委員會＞收費標準目,命令,https://law.moj.gov.tw/LawClass/LawAll.aspx?pcode=K0060072
22.3,2004-06-21,交通部中央氣象局規費收費標準,行政＞交通部＞氣象目,命令,https://law.moj.gov.tw/LawClass/LawAll.aspx?pcode=K0100008
22.2,2004-07-29,醫事人員申請證明書收費標準,行政＞衛生福利部＞醫事目,命令,https://law.moj.gov.tw/LawClass/LawAll.aspx?pcode=L0020078
21.8,2004-11-30,槍砲彈藥及刀械收購價格標準,行政＞內政部＞警政目,命令,https://law.moj.gov.tw/LawClass/LawAll.aspx?pcode=D0080151
21.7,2005-01-19,記帳士證書費收費標準,行政＞財政部＞賦稅目,命令,https://law.moj.gov.tw/LawClass/LawAll.aspx?pcode=G0340113
21.7,2005-01-31,地下水鑿井技工考驗收費標準,行政＞經濟部＞水利目,命令,https://law.moj.gov.tw/LawClass/LawAll.aspx?pcode=J0110054
21.6,2005-02-18,冷凍空調業規費收費標準,行政＞經濟部＞產業目,命令,https://law.moj.gov.tw/LawClass/LawAll.aspx?pcode=J0030082
21.5,2005-03-21,取得華僑身分香港澳門居民工作許可審查收費標準,行政＞勞動部＞就業服務目,命令,https://law.moj.gov.tw/LawClass/LawAll.aspx?pcode=N0080017
21.4,2005-05-09,全國農業金庫執照費收費標準,行政＞農業部＞農業金融目,命令,https://law.moj.gov.tw/LawClass/LawAll.aspx?pcode=M0070026
21.3,2005-05-23,水源保育與回饋費收費辦法,行政＞經濟部＞水利目,命令,https://law.moj.gov.tw/LawClass/LawAll.aspx?pcode=J0110068
21.2,2005-07-05,交通部核發公路挖掘許可或設施物設置許可收費標準,行政＞交通部＞公路目,命令,https://law.moj.gov.tw/LawClass/LawAll.aspx?pcode=K0040054
21.1,2005-08-17,農業金融機構辦理信用交易應揭示之總費用範圍及年百分率計算標準,行政＞農業部＞農業金融目,命令,https://law.moj.gov.tw/LawClass/LawAll.aspx?pcode=M0070027
21.1,2005-08-15,銀行業暨保險業辦理消費者信用交易廣告應揭示總費用範圍及年百分率計算方式標準,行政＞金融監督管理委員會＞銀行目,命令,https://law.moj.gov.tw/LawClass/LawAll.aspx?pcode=G0380176
21.1,2005-08-26,租賃業辦理消費者融資租賃業務廣告應揭示總費用範圍及年百分率計算方式標準,行政＞經濟部＞商業目,命令,https://law.moj.gov.tw/LawClass/LawAll.aspx?pcode=J0080035
20.9,2005-11-02,軍事法院辦理審判案件訴訟文書影印攝影抄錄費用徵收標準,行政＞國防部＞軍法目,命令,https://law.moj.gov.tw/LawClass/LawAll.aspx?pcode=F0120017
20.8,2005-12-01,律師聘僱外國人從事助理或顧問工作申請案件審查費收費標準,行政＞法務部＞檢察目,命令,https://law.moj.gov.tw/LawClass/LawAll.aspx?pcode=I0020025
20.7,2006-01-24,限制產品過度包裝個案審查收費標準,行政＞環境部＞資源循環目,命令,https://law.moj.gov.tw/LawClass/LawAll.aspx?pcode=O0050078
20.6,2006-02-15,行政院消費者保護委員會提供政府資訊收費標準,行政＞院本部＞通用目,命令,https://law.moj.gov.tw/LawClass/LawAll.aspx?pcode=J0170011
20.5,2006-03-13,國家安全局提供政府資訊收費標準,總統＞國家安全會議＞資訊公開目,命令,https://law.moj.gov.tw/LawClass/LawAll.aspx?pcode=A0020130
20.4,2006-04-20,行政院新聞局提供政府資訊收費標準,行政＞文化部＞建設目,命令,https://law.moj.gov.tw/LawClass/LawAll.aspx?pcode=P0010006
20.4,2006-05-18,行政院院本部提供政府資訊收費標準,行政＞院本部＞通用目,命令,https://law.moj.gov.tw/LawClass/LawAll.aspx?pcode=A0020131
20.4,2006-05-19,行政院大陸委員會提供政府資訊收費標準,行政＞大陸委員會＞通用法規目,命令,https://law.moj.gov.tw/LawClass/LawAll.aspx?pcode=Q0010008
20.3,2006-05-29,不動產經紀人證書費收費標準,行政＞內政部＞地政目,命令,https://law.moj.gov.tw/LawClass/LawAll.aspx?pcode=D0060085
20.3,2006-06-14,國防部及所屬機關提供政府資訊收費標準,行政＞國防部＞主計財務目,命令,https://law.moj.gov.tw/LawClass/LawAll.aspx?pcode=F0010051
20.3,2006-06-14,總統府提供政府資訊收費標準,總統＞總統府＞資訊公開目,命令,https://law.moj.gov.tw/LawClass/LawAll.aspx?pcode=A0020132
20.3,2006-06-23,教育部及所屬機關學校提供政府資訊收費標準,行政＞教育部＞秘書目,命令,https://law.moj.gov.tw/LawClass/LawAll.aspx?pcode=H0010009
20.2,2006-06-27,交通部及所屬機關提供政府資訊收費標準,行政＞交通部＞處務目,命令,https://law.moj.gov.tw/LawClass/LawAll.aspx?pcode=K0010116
20.2,2006-07-13,中央選舉委員會及所屬選舉委員會提供政府資訊收費標準,行政＞中央選舉委員會＞選舉行政目,命令,https://law.moj.gov.tw/LawClass/LawAll.aspx?pcode=D0110020
20.2,2006-07-18,國立臺中圖書館中興堂場地及設備使用收費標準,行政＞文化部＞建設目,命令,https://law.moj.gov.tw/LawClass/LawAll.aspx?pcode=H0170061
20.1,2006-08-11,行政院環境保護署及所屬機關提供政府資訊收費標準,行政＞環境部＞綜合規劃目,命令,https://law.moj.gov.tw/LawClass/LawAll.aspx?pcode=O0010012
20.1,2006-08-24,僑務委員會提供政府資訊收費標準,行政＞僑務委員會＞一般業務目,命令,https://law.moj.gov.tw/LawClass/LawAll.aspx?pcode=E0010022
19.9,2006-10-16,行政院金融監督管理委員會及所屬機關提供政府資訊收費標準,行政＞金融監督管理委員會＞收費目,命令,https://law.moj.gov.tw/LawClass/LawAll.aspx?pcode=G0310042
19.7,2007-01-10,行政院客家委員會及所屬機關提供政府資訊收費標準,行政＞客家委員會＞客家事務目,命令,https://law.moj.gov.tw/LawClass/LawAll.aspx?pcode=D0140002
19.7,2007-01-29,司法院及所屬機關提供政府資訊收費標準,司法＞院本部＞民事目,命令,https://law.moj.gov.tw/LawClass/LawAll.aspx?pcode=A0030214
19.5,2007-03-13,採購申訴審議收費辦法,行政＞行政院公共工程委員會＞通用目,命令,https://law.moj.gov.tw/LawClass/LawAll.aspx?pcode=A0030071
19.4,2007-04-26,電信終端設備規費收費標準,行政＞國家通訊傳播委員會＞收費標準目,命令,https://law.moj.gov.tw/LawClass/LawAll.aspx?pcode=K0060078
19.2,2007-07-13,專用電信業務規費收費標準,行政＞國家通訊傳播委員會＞收費標準目,命令,https://law.moj.gov.tw/LawClass/LawAll.aspx?pcode=K0060076
19.2,2007-07-23,電信管制射頻器材經營許可及進口許可規費收費標準,行政＞國家通訊傳播委員會＞收費標準目,命令,https://law.moj.gov.tw/LawClass/LawAll.aspx?pcode=K0060079
19.2,2007-07-05,不動產經紀營業員登錄及證明收費標準,行政＞內政部＞地政目,命令,https://law.moj.gov.tw/LawClass/LawAll.aspx?pcode=D0060091
19.2,2007-07-11,土地或建物參考資訊閱覽費及列印費收費標準,行政＞內政部＞地政目,命令,https://law.moj.gov.tw/LawClass/LawAll.aspx?pcode=D0060092
19.1,2007-08-14,稅務代理人登記證書費收費標準,行政＞財政部＞賦稅目,命令,https://law.moj.gov.tw/LawClass/LawAll.aspx?pcode=G0340121
19.0,2007-09-27,廢棄物輸入輸出許可申請收費標準,行政＞環境部＞資源循環目,命令,https://law.moj.gov.tw/LawClass/LawAll.aspx?pcode=O0050080
19.0,2007-10-01,外國護照簽證收費標準,行政＞外交部＞領事業務目,命令,https://law.moj.gov.tw/LawClass/LawAll.aspx?pcode=E0030011
18.9,2007-10-17,測繪業許可登記及地籍測量專業資格認可收費標準,行政＞內政部＞地政目,命令,https://law.moj.gov.tw/LawClass/LawAll.aspx?pcode=D0060094
18.7,2008-01-02,專利師證書收費標準,行政＞經濟部＞智慧財產權目,命令,https://law.moj.gov.tw/LawClass/LawAll.aspx?pcode=J0070036
18.6,2008-03-07,高級中等進修學校收費標準,行政＞教育部＞終身教育目,命令,https://law.moj.gov.tw/LawClass/LawAll.aspx?pcode=H0080051
18.4,2008-04-15,進口有機農產品及有機農產加工品核發有機標示同意文件審查費收費標準,行政＞農業部＞農糧目,命令,https://law.moj.gov.tw/LawClass/LawAll.aspx?pcode=M0030085
18.4,2008-04-30,遊說登記及財務收支報表簿冊閱覽實施及收費辦法,行政＞內政部＞民政目,命令,https://law.moj.gov.tw/LawClass/LawAll.aspx?pcode=D0020068
18.3,2008-06-18,申請經營石油業務規費收費標準,行政＞經濟部＞能源目,命令,https://law.moj.gov.tw/LawClass/LawAll.aspx?pcode=J0120037
18.1,2008-08-26,營造業規費收費標準,行政＞內政部＞國土管理目,命令,https://law.moj.gov.tw/LawClass/LawAll.aspx?pcode=D0070170
18.0,2008-09-11,營養師執業執照費及營養諮詢機構開業執照費收費標準,行政＞衛生福利部＞醫事目,命令,https://law.moj.gov.tw/LawClass/LawAll.aspx?pcode=L0040082
17.9,2008-11-12,游離輻射防護管制收費標準,行政＞核能安全委員會＞原子能目,命令,https://law.moj.gov.tw/LawClass/LawAll.aspx?pcode=J0160023
17.8,2008-12-24,救護車及救護車營業機構設置設立許可收費標準,行政＞衛生福利部＞醫事目,命令,https://law.moj.gov.tw/LawClass/LawAll.aspx?pcode=L0020146
17.7,2009-01-20,電信工程業證照費收費標準,行政＞國家通訊傳播委員會＞收費標準目,命令,https://law.moj.gov.tw/LawClass/LawAll.aspx?pcode=K0060084
17.4,2009-04-28,第二類電信事業許可費收費標準,行政＞國家通訊傳播委員會＞收費標準目,命令,https://law.moj.gov.tw/LawClass/LawAll.aspx?pcode=K0060077
17.4,2009-05-01,下水道用戶排水設備承裝技術訓練證書費收費標準,行政＞內政部＞國土管理目,命令,https://law.moj.gov.tw/LawClass/LawAll.aspx?pcode=D0070178
17.4,2009-05-06,在中華民國專屬經濟海域或大陸礁層建造使用改變拆除人工島嶼設施或結構許可審查收費標準,行政＞內政部＞國土管理目,命令,https://law.moj.gov.tw/LawClass/LawAll.aspx?pcode=D0070179
16.9,2009-10-29,受理債權人申請查調債務人財產及所得資料收取服務費標準,行政＞財政部＞賦稅目,命令,https://law.moj.gov.tw/LawClass/LawAll.aspx?pcode=G0340109
16.9,2009-10-28,建築師或技師受丙等綜合營造業委託執行綜理施工管理簽章報備登錄及收費辦法,行政＞內政部＞國土管理目,命令,https://law.moj.gov.tw/LawClass/LawAll.aspx?pcode=D0070173
16.9,2009-10-30,噪音管制法規費收費標準,行政＞環境部＞大氣環境目,命令,https://law.moj.gov.tw/LawClass/LawAll.aspx?pcode=O0030017
16.8,2009-12-10,全民健康保險保險憑證收費標準,行政＞衛生福利部＞中央健康保險目,命令,https://law.moj.gov.tw/LawClass/LawAll.aspx?pcode=L0060023
16.8,2009-11-26,工程技術顧問公司許可及登記收費標準,行政＞行政院公共工程委員會＞通用目,命令,https://law.moj.gov.tw/LawClass/LawAll.aspx?pcode=D0070185
16.8,2009-12-21,志願自費鑑定血緣關係收費標準,行政＞內政部＞警政目,命令,https://law.moj.gov.tw/LawClass/LawAll.aspx?pcode=D0080188
16.7,2010-01-06,第一類電信事業特許費收費標準,行政＞國家通訊傳播委員會＞收費標準目,命令,https://law.moj.gov.tw/LawClass/LawAll.aspx?pcode=K0060082
16.6,2010-02-26,著作權集體管理團體規費收費準則,行政＞經濟部＞智慧財產權目,命令,https://law.moj.gov.tw/LawClass/LawAll.aspx?pcode=J0070026
16.5,2010-04-12,著作權相關案件規費收費標準,行政＞經濟部＞智慧財產權目,命令,https://law.moj.gov.tw/LawClass/LawAll.aspx?pcode=J0070025
16.5,2010-03-15,廣播電視業者設置電臺規費收費標準,行政＞國家通訊傳播委員會＞收費標準目,命令,https://law.moj.gov.tw/LawClass/LawAll.aspx?pcode=K0060086
16.1,2010-08-24,事業用爆炸物行政規費收費標準,行政＞經濟部＞地礦目,命令,https://law.moj.gov.tw/LawClass/LawAll.aspx?pcode=J0020043
16.0,2010-09-24,著作財產權質權各項登記規費收費準則,行政＞經濟部＞智慧財產權目,命令,https://law.moj.gov.tw/LawClass/LawAll.aspx?pcode=J0070045
16.0,2010-09-24,著作財產權人不明著作利用許可申請規費收費準則,行政＞經濟部＞智慧財產權目,命令,https://law.moj.gov.tw/LawClass/LawAll.aspx?pcode=J0070046
15.9,2010-11-17,地下水鑿井業申請許可收費標準,行政＞經濟部＞水利目,命令,https://law.moj.gov.tw/LawClass/LawAll.aspx?pcode=J0110051
15.9,2010-11-17,自來水管承裝商申請許可收費標準,行政＞經濟部＞水利目,命令,https://law.moj.gov.tw/LawClass/LawAll.aspx?pcode=J0110067
15.9,2010-10-29,建築物電信設備及其空間規費收費標準,行政＞國家通訊傳播委員會＞收費標準目,命令,https://law.moj.gov.tw/LawClass/LawAll.aspx?pcode=K0060074
15.8,2010-12-10,非都市土地開發許可審查收費標準,行政＞內政部＞國土管理目,命令,https://law.moj.gov.tw/LawClass/LawAll.aspx?pcode=D0070052
15.6,2011-02-15,人體生物資料庫審查費收費標準,行政＞衛生福利部＞醫事目,命令,https://law.moj.gov.tw/LawClass/LawAll.aspx?pcode=L0020174
15.3,2011-05-24,土壤污染評估調查及檢測資料審查收費標準,行政＞環境部＞環境管理目,命令,https://law.moj.gov.tw/LawClass/LawAll.aspx?pcode=O0110015
15.0,2011-09-16,技師證書及執業執照收費標準,行政＞行政院公共工程委員會＞通用目,命令,https://law.moj.gov.tw/LawClass/LawAll.aspx?pcode=J0030089
14.9,2011-11-16,外交部及駐外館處辦理領事事務文件證明收費標準,行政＞外交部＞領事業務目,命令,https://law.moj.gov.tw/LawClass/LawAll.aspx?pcode=E0030010
14.9,2011-10-19,一般性海堤使用行為規費收費標準,行政＞經濟部＞水利目,命令,https://law.moj.gov.tw/LawClass/LawAll.aspx?pcode=J0110087
14.8,2011-12-22,申請工廠設立許可及登記事項收費標準,行政＞經濟部＞產業目,命令,https://law.moj.gov.tw/LawClass/LawAll.aspx?pcode=J0030044
14.5,2012-03-30,經濟部提供統計資訊收費標準,行政＞經濟部＞處務目,命令,https://law.moj.gov.tw/LawClass/LawAll.aspx?pcode=J0010048
14.5,2012-04-10,綠色工廠標章收費標準,行政＞經濟部＞產業目,命令,https://law.moj.gov.tw/LawClass/LawAll.aspx?pcode=J0030123
14.3,2012-06-08,生前殯葬服務契約預收費用運用於殯儀館火化場認定管理辦法,行政＞內政部＞宗教及禮制目,命令,https://law.moj.gov.tw/LawClass/LawAll.aspx?pcode=D0020071
14.1,2012-08-03,採購履約爭議調解收費辦法,行政＞行政院公共工程委員會＞通用目,命令,https://law.moj.gov.tw/LawClass/LawAll.aspx?pcode=A0030109
14.0,2012-09-11,臺灣製產品 MIT 微笑標章審查及發證收費標準,行政＞經濟部＞產業目,命令,https://law.moj.gov.tw/LawClass/LawAll.aspx?pcode=J0030125
13.9,2012-10-15,法院辦理強制執行程序必要費用徵收標準,司法＞院本部＞民事目,命令,https://law.moj.gov.tw/LawClass/LawAll.aspx?pcode=B0010044
13.8,2012-12-03,技能職類測驗能力認證審查費收費辦法,行政＞勞動部＞職業訓練目,命令,https://law.moj.gov.tw/LawClass/LawAll.aspx?pcode=N0080046
13.7,2013-01-16,酒品及酒盛裝容器出口證明收費標準,行政＞財政部＞國庫目,命令,https://law.moj.gov.tw/LawClass/LawAll.aspx?pcode=G0330032
13.5,2013-03-25,商港自由貿易港區收費標準,行政＞交通部＞港務目,命令,https://law.moj.gov.tw/LawClass/LawAll.aspx?pcode=K0080038
13.4,2013-05-15,臺灣警察專科學校招生考試規費收費標準,行政＞內政部＞警政目,命令,https://law.moj.gov.tw/LawClass/LawAll.aspx?pcode=D0080189
13.4,2013-04-25,玉山國家公園管理處排雲山莊使用規費收費標準,行政＞內政部＞國家公園目,命令,https://law.moj.gov.tw/LawClass/LawAll.aspx?pcode=D0070194
13.4,2013-04-30,國立臺灣工藝研究發展中心藏品圖像使用收費辦法,行政＞文化部＞建設目,命令,https://law.moj.gov.tw/LawClass/LawAll.aspx?pcode=H0170091
13.1,2013-08-02,醫院評鑑及教學醫院評鑑收費標準,行政＞衛生福利部＞醫事目,命令,https://law.moj.gov.tw/LawClass/LawAll.aspx?pcode=L0020128
13.0,2013-09-17,人體器官保存庫審查費收費標準,行政＞衛生福利部＞食品藥物管理目,命令,https://law.moj.gov.tw/LawClass/LawAll.aspx?pcode=L0020152
13.0,2013-09-17,天然氣供應及價格管制實施辦法,行政＞經濟部＞能源目,命令,https://law.moj.gov.tw/LawClass/LawAll.aspx?pcode=J0130054
12.9,2013-10-24,屍體解剖喪葬費用補助標準,行政＞衛生福利部＞疾病管制目,命令,https://law.moj.gov.tw/LawClass/LawAll.aspx?pcode=L0050019
12.9,2013-11-04,公眾電信規費收費標準,行政＞國家通訊傳播委員會＞收費標準目,命令,https://law.moj.gov.tw/LawClass/LawAll.aspx?pcode=K0060073
12.8,2013-12-04,衛生福利部國民健康署提供統計資訊收費標準,行政＞衛生福利部＞國民健康目,命令,https://law.moj.gov.tw/LawClass/LawAll.aspx?pcode=L0070035
12.8,2013-12-06,在中華民國大陸礁層舖設維護變更海底電纜或管道審查收費標準,行政＞內政部＞地政目,命令,https://law.moj.gov.tw/LawClass/LawAll.aspx?pcode=D0060121
12.6,2014-02-19,公平交易委員會提供政府資訊收費標準,行政＞公平交易委員會＞公平交易目,命令,https://law.moj.gov.tw/LawClass/LawAll.aspx?pcode=J0150010
12.3,2014-06-26,總統府及所屬機關訴願文書使用收費標準,總統＞總統府＞訴願審議目,命令,https://law.moj.gov.tw/LawClass/LawAll.aspx?pcode=A0020037
12.3,2014-06-18,國軍退除役官兵輔導委員會及所屬機構提供政府資訊收費標準,行政＞國軍退除役官兵輔導委員會＞處務目       ,命令,https://law.moj.gov.tw/LawClass/LawAll.aspx?pcode=F0150022
12.3,2014-06-17,管制藥品證照與輸入輸出及製造同意書審查費收費標準,行政＞衛生福利部＞食品藥物管理目,命令,https://law.moj.gov.tw/LawClass/LawAll.aspx?pcode=L0030077
12.2,2014-07-23,行政院公共工程委員會工程技術鑑定規費收費標準,行政＞行政院公共工程委員會＞通用目,命令,https://law.moj.gov.tw/LawClass/LawAll.aspx?pcode=D0070211
12.0,2014-10-13,國軍退除役官兵輔導委員會榮譽國民之家資源共享服務照顧規費收費標準,行政＞國軍退除役官兵輔導委員會＞就養目,命令,https://law.moj.gov.tw/LawClass/LawAll.aspx?pcode=F0150030
12.0,2014-10-08,玉山國家公園管理處建築執照規費收費標準,行政＞內政部＞國家公園目,命令,https://law.moj.gov.tw/LawClass/LawAll.aspx?pcode=D0070212
11.9,2014-11-11,大陸地區人民及香港澳門居民入出境許可證件規費收費標準,行政＞內政部＞移民目,命令,https://law.moj.gov.tw/LawClass/LawAll.aspx?pcode=Q0020011
11.9,2014-10-24,糧商登記規費收費標準,行政＞農業部＞農糧目,命令,https://law.moj.gov.tw/LawClass/LawAll.aspx?pcode=M0030083
11.9,2014-11-13,國定古蹟嘉義舊監獄園區場地使用收費標準,行政＞法務部＞矯正目,命令,https://law.moj.gov.tw/LawClass/LawAll.aspx?pcode=I0040062
11.8,2014-11-27,勞動部及所屬機關提供政府資訊收費標準,行政＞勞動部＞其他目,命令,https://law.moj.gov.tw/LawClass/LawAll.aspx?pcode=N0010012
11.8,2014-12-26,專科以上學校向學生收取費用辦法,行政＞教育部＞高等教育目,命令,https://law.moj.gov.tw/LawClass/LawAll.aspx?pcode=H0030044
11.8,2014-12-23,國際級及國家級重要濕地經營管理許可收費回饋金繳交運用辦法,行政＞內政部＞國家公園目,命令,https://law.moj.gov.tw/LawClass/LawAll.aspx?pcode=D0070214
11.7,2014-12-29,菸酒業審查費證照費及許可費收費標準,行政＞財政部＞國庫目,命令,https://law.moj.gov.tw/LawClass/LawAll.aspx?pcode=G0330015
11.5,2015-03-10,法務部核發法醫師證書執業執照及審查收費標準,行政＞法務部＞法醫目,命令,https://law.moj.gov.tw/LawClass/LawAll.aspx?pcode=I0010061
11.5,2015-03-18,綠建材性能試驗機構申請指定收費標準,行政＞內政部＞建築研究目,命令,https://law.moj.gov.tw/LawClass/LawAll.aspx?pcode=D0070223
11.4,2015-05-05,自來水管承裝技工考驗合格證書收費標準,行政＞經濟部＞水利目,命令,https://law.moj.gov.tw/LawClass/LawAll.aspx?pcode=J0110066
11.4,2015-04-17,自來水事業技術人員考驗合格證書收費標準,行政＞經濟部＞水利目,命令,https://law.moj.gov.tw/LawClass/LawAll.aspx?pcode=J0110075
11.4,2015-05-06,台江國家公園管理處建築執照規費收費標準,行政＞內政部＞國家公園目,命令,https://law.moj.gov.tw/LawClass/LawAll.aspx?pcode=D0070224
11.2,2015-07-27,飼料或飼料添加物檢驗及核發證明文件收費標準,行政＞農業部＞畜牧目,命令,https://law.moj.gov.tw/LawClass/LawAll.aspx?pcode=M0060015
11.2,2015-07-24,衛生福利部及所屬機關提供政府資訊收費標準,行政＞衛生福利部＞法規目,命令,https://law.moj.gov.tw/LawClass/LawAll.aspx?pcode=L0010018
11.1,2015-09-04,警察刑事紀錄證明收費標準,行政＞內政部＞警政目,命令,https://law.moj.gov.tw/LawClass/LawAll.aspx?pcode=D0080159
11.1,2015-08-17,陽明山國家公園管理處建築執照規費收費標準,行政＞內政部＞國家公園目,命令,https://law.moj.gov.tw/LawClass/LawAll.aspx?pcode=D0070225
11.1,2015-08-11,法院辦理民事及行政訴訟事件複製電子卷證費用徵收標準,司法＞院本部＞民事目,命令,https://law.moj.gov.tw/LawClass/LawAll.aspx?pcode=B0010061
11.1,2015-08-21,亞太經濟合作商務旅行卡規費收費標準,行政＞外交部＞領事業務目,命令,https://law.moj.gov.tw/LawClass/LawAll.aspx?pcode=E0020022
11.0,2015-10-05,法院辦理刑事案件少年事件訴訟文書之影印攝影抄錄及複製電子卷證費用徵收標準,司法＞院本部＞刑事目,命令,https://law.moj.gov.tw/LawClass/LawAll.aspx?pcode=C0010025
11.0,2015-09-23,中央警察大學入學及招生考試規費收費標準,行政＞內政部＞警政目,命令,https://law.moj.gov.tw/LawClass/LawAll.aspx?pcode=D0080192
10.9,2015-10-28,研發及產業訓儲替代役員額申請案件規費收費標準,行政＞內政部＞役政目,命令,https://law.moj.gov.tw/LawClass/LawAll.aspx?pcode=D0040040
10.9,2015-11-03,工程價格資料庫作業辦法,行政＞行政院公共工程委員會＞通用目,命令,https://law.moj.gov.tw/LawClass/LawAll.aspx?pcode=D0070192
10.9,2015-10-20,國史館臺灣文獻館文物圖像使用及收費辦法,總統＞總統府＞國史館目,命令,https://law.moj.gov.tw/LawClass/LawAll.aspx?pcode=A0020184
10.8,2015-11-24,能源使用說明書審查規費收費標準,行政＞經濟部＞能源目,命令,https://law.moj.gov.tw/LawClass/LawAll.aspx?pcode=J0130069
10.7,2016-01-30,有線廣播電視系統經營者收費標準,行政＞國家通訊傳播委員會＞收費標準目,命令,https://law.moj.gov.tw/LawClass/LawAll.aspx?pcode=P0050018
10.7,2016-01-30,申請經營有線廣播電視服務規費收費標準,行政＞國家通訊傳播委員會＞收費標準目,命令,https://law.moj.gov.tw/LawClass/LawAll.aspx?pcode=P0050020
10.7,2016-01-30,衛星廣播電視事業及境外衛星廣播電視事業業務規費收費標準,行政＞國家通訊傳播委員會＞收費標準目,命令,https://law.moj.gov.tw/LawClass/LawAll.aspx?pcode=K0060085
10.7,2015-12-28,墾丁國家公園貓鼻頭公園收費標準,行政＞內政部＞國家公園目,命令,https://law.moj.gov.tw/LawClass/LawAll.aspx?pcode=D0070229
10.6,2016-02-03,人工培植拖鞋蘭證明文件收費標準,行政＞農業部＞農業試驗改良目,命令,https://law.moj.gov.tw/LawClass/LawAll.aspx?pcode=M0030091
10.5,2016-04-14,行政院主計總處提供普（抽）查資料處理及場地設備使用收費標準,行政＞行政院主計總處＞統計目       ,命令,https://law.moj.gov.tw/LawClass/LawAll.aspx?pcode=T0050002
10.5,2016-04-12,森林遊樂區環境美化清潔維護費及遊樂設施使用費收費標準,行政＞農業部＞林業及自然保育目,命令,https://law.moj.gov.tw/LawClass/LawAll.aspx?pcode=M0040042
10.5,2016-03-15,廣播電視事業業務規費收費標準,行政＞國家通訊傳播委員會＞收費標準目,命令,https://law.moj.gov.tw/LawClass/LawAll.aspx?pcode=K0060096
10.4,2016-05-18,國立歷史博物館藏品圖像資料非營利使用及收費標準,行政＞文化部＞建設目,命令,https://law.moj.gov.tw/LawClass/LawAll.aspx?pcode=H0020072
10.4,2016-04-15,龜山島登島收費辦法,行政＞交通部＞觀光目,命令,https://law.moj.gov.tw/LawClass/LawAll.aspx?pcode=K0110041
10.2,2016-07-18,太魯閣國家公園管理處建築執照規費收費標準,行政＞內政部＞國家公園目,命令,https://law.moj.gov.tw/LawClass/LawAll.aspx?pcode=D0070243
10.1,2016-08-09,再生水經營業收取再生水費計算公式準則,行政＞經濟部＞水利目,命令,https://law.moj.gov.tw/LawClass/LawAll.aspx?pcode=J0110095
10.1,2016-08-16,公共下水道系統污水或放流水無償供應之一定期間及計費準則,行政＞經濟部＞水利目,命令,https://law.moj.gov.tw/LawClass/LawAll.aspx?pcode=J0110098
10.0,2016-10-03,危險性機械及設備檢查費收費標準,行政＞勞動部＞勞動檢查目,命令,https://law.moj.gov.tw/LawClass/LawAll.aspx?pcode=N0070020
9.9,2016-11-15,墾丁國家公園管理處建築執照規費收費標準,行政＞內政部＞國家公園目,命令,https://law.moj.gov.tw/LawClass/LawAll.aspx?pcode=D0070246
9.8,2016-12-08,有線廣播電視終端設備規費收費標準,行政＞國家通訊傳播委員會＞收費標準目,命令,https://law.moj.gov.tw/LawClass/LawAll.aspx?pcode=K0060108
9.7,2017-01-12,食品衛生安全管理系統認證及驗證收費辦法,行政＞衛生福利部＞食品藥物管理目,命令,https://law.moj.gov.tw/LawClass/LawAll.aspx?pcode=L0040137
9.6,2017-02-13,陽明山國家公園陽明書屋門票收費標準,行政＞內政部＞國家公園目,命令,https://law.moj.gov.tw/LawClass/LawAll.aspx?pcode=D0070216
9.5,2017-04-06,私立就業服務機構收費項目及金額標準,行政＞勞動部＞就業服務目,命令,https://law.moj.gov.tw/LawClass/LawAll.aspx?pcode=N0090028
9.5,2017-03-31,國立國父紀念館規費收費標準,行政＞文化部＞建設目,命令,https://law.moj.gov.tw/LawClass/LawAll.aspx?pcode=H0020070
9.4,2017-05-16,海洋國家公園管理處建築執照規費收費標準,行政＞內政部＞國家公園目,命令,https://law.moj.gov.tw/LawClass/LawAll.aspx?pcode=D0070250
9.3,2017-06-14,規費法,行政＞財政部＞國庫目,法律,https://law.moj.gov.tw/LawClass/LawAll.aspx?pcode=G0340107
9.3,2017-06-07,低功率射頻電機規費收費標準,行政＞國家通訊傳播委員會＞收費標準目,命令,https://law.moj.gov.tw/LawClass/LawAll.aspx?pcode=K0060071
9.3,2017-05-31,公用天然氣事業天然氣售價及基本收費計算準則,行政＞經濟部＞能源目,命令,https://law.moj.gov.tw/LawClass/LawAll.aspx?pcode=J0130055
9.2,2017-07-10,禮儀師證書費收費標準,行政＞內政部＞宗教及禮制目,命令,https://law.moj.gov.tw/LawClass/LawAll.aspx?pcode=D0020075
9.2,2017-07-18,內政部受理海岸管理法申請許可案件收費標準,行政＞內政部＞國家公園目,命令,https://law.moj.gov.tw/LawClass/LawAll.aspx?pcode=D0070254
8.9,2017-11-16,國立故宮博物院參觀收費標準,行政＞國立故宮博物院＞故宮博物目,命令,https://law.moj.gov.tw/LawClass/LawAll.aspx?pcode=H0190007
8.9,2017-10-30,外來人口申請自動查驗通關系統收費標準,行政＞內政部＞移民目,命令,https://law.moj.gov.tw/LawClass/LawAll.aspx?pcode=D0080203
8.8,2017-12-19,高級中等以下學校及幼兒園教師資格考試收費標準,行政＞教育部＞師資培育及藝術教育目,命令,https://law.moj.gov.tw/LawClass/LawAll.aspx?pcode=H0050015
8.8,2017-12-12,內政部受理查詢國家公園計畫範圍案件收費標準,行政＞內政部＞國家公園目,命令,https://law.moj.gov.tw/LawClass/LawAll.aspx?pcode=D0070262
8.8,2017-12-13,國立臺灣文學館場地使用收費標準,行政＞文化部＞建設目,命令,https://law.moj.gov.tw/LawClass/LawAll.aspx?pcode=H0170141
8.8,2017-12-25,長期照顧服務人員認證證明文件及長期照顧服務機構設立許可證書費用收費標準,行政＞衛生福利部＞長期照顧目,命令,https://law.moj.gov.tw/LawClass/LawAll.aspx?pcode=L0070050
8.7,2018-01-18,行政院人事行政總處及所屬機關提供政府資訊收費標準,行政＞行政院人事行政總處＞綜合規劃目,命令,https://law.moj.gov.tw/LawClass/LawAll.aspx?pcode=S0010015
8.6,2018-03-06,省水標章使用許可規費收費標準,行政＞經濟部＞水利目,命令,https://law.moj.gov.tw/LawClass/LawAll.aspx?pcode=J0110106
8.5,2018-04-10,溫泉取用費徵收費率及使用辦法,行政＞經濟部＞水利目,命令,https://law.moj.gov.tw/LawClass/LawAll.aspx?pcode=J0110047
8.5,2018-03-31,綠建材標章規費收費標準,行政＞內政部＞建築研究目,命令,https://law.moj.gov.tw/LawClass/LawAll.aspx?pcode=D0070188
8.5,2018-03-12,持國外大學以上學歷申請認定修畢師資職前教育課程收費標準,行政＞教育部＞師資培育及藝術教育目,命令,https://law.moj.gov.tw/LawClass/LawAll.aspx?pcode=H0020080
8.5,2018-03-31,智慧建築標章規費收費標準,行政＞內政部＞建築研究目,命令,https://law.moj.gov.tw/LawClass/LawAll.aspx?pcode=D0070197
8.5,2018-03-26,雪霸國家公園管理處建築執照規費收費標準,行政＞內政部＞國家公園目,命令,https://law.moj.gov.tw/LawClass/LawAll.aspx?pcode=D0070267
8.4,2018-04-27,金融科技創新實驗民事爭議處理收費辦法,行政＞金融監督管理委員會＞收費目,命令,https://law.moj.gov.tw/LawClass/LawAll.aspx?pcode=G0380256
8.2,2018-07-23,船員申請許可核發證照收費標準,行政＞交通部＞航政目,命令,https://law.moj.gov.tw/LawClass/LawAll.aspx?pcode=K0070054
8.2,2018-06-29,租賃住宅服務業許可及登記收費標準,行政＞內政部＞地政目,命令,https://law.moj.gov.tw/LawClass/LawAll.aspx?pcode=D0060129
8.2,2018-07-02,租賃住宅管理人員訓練發證及收費辦法,行政＞內政部＞地政目,命令,https://law.moj.gov.tw/LawClass/LawAll.aspx?pcode=D0060130
8.0,2018-09-25,金門國家公園管理處建築執照規費收費標準,行政＞內政部＞國家公園目,命令,https://law.moj.gov.tw/LawClass/LawAll.aspx?pcode=D0070273
7.9,2018-11-08,參與政府專案紓困方案公司發行新股與董事監察人經理人限制報酬及相關事項辦法,行政＞經濟部＞商業目,命令,https://law.moj.gov.tw/LawClass/LawAll.aspx?pcode=J0080048
7.8,2018-12-22,水污染防治各項許可申請收費標準,行政＞環境部＞水質保護目,命令,https://law.moj.gov.tw/LawClass/LawAll.aspx?pcode=O0040011
7.8,2018-12-20,政治獻金會計報告書查閱收費標準,監察＞院本部＞政獻目,命令,https://law.moj.gov.tw/LawClass/LawAll.aspx?pcode=A0020140
7.8,2018-11-23,教育部獎助出國攻讀碩士博士學位及從事博士後研究甄（選）試收費標準,行政＞教育部＞國際及兩岸事務目,命令,https://law.moj.gov.tw/LawClass/LawAll.aspx?pcode=H0110009
7.6,2019-02-01,國外大學醫學及牙醫學系畢業生學歷甄試收費標準,行政＞教育部＞高等教育目,命令,https://law.moj.gov.tw/LawClass/LawAll.aspx?pcode=H0030061
7.5,2019-03-21,國籍規費收費標準,行政＞內政部＞戶政目,命令,https://law.moj.gov.tw/LawClass/LawAll.aspx?pcode=D0030024
7.5,2019-03-27,客語能力認證考試規費收費標準,行政＞客家委員會＞客家事務目,命令,https://law.moj.gov.tw/LawClass/LawAll.aspx?pcode=D0140003
7.5,2019-03-29,試辦金門馬祖澎湖與大陸地區通航入出境許可證件規費收費標準,行政＞內政部＞移民目,命令,https://law.moj.gov.tw/LawClass/LawAll.aspx?pcode=D0080174
7.4,2019-05-10,衛生福利部疾病管制署生物製劑收費標準,行政＞衛生福利部＞疾病管制目,命令,https://law.moj.gov.tw/LawClass/LawAll.aspx?pcode=L0050036
7.4,2019-04-29,持國外專科以上學歷申請修畢幼兒園教保專業課程證明書收費標準,行政＞教育部＞師資培育及藝術教育目,命令,https://law.moj.gov.tw/LawClass/LawAll.aspx?pcode=H0050019
7.2,2019-07-23,海洋委員會及所屬機關（構）提供政府資訊收費標準,行政＞海洋委員會＞秘書目,命令,https://law.moj.gov.tw/LawClass/LawAll.aspx?pcode=D0090023
7.2,2019-07-09,都市更新公開評選申訴審議收費辦法,行政＞內政部＞國土管理目,命令,https://law.moj.gov.tw/LawClass/LawAll.aspx?pcode=D0070285
7.2,2019-07-29,經濟部受理查詢礦區與礦業保留區及地下礦坑分布地區案件收費標準,行政＞經濟部＞地礦目,命令,https://law.moj.gov.tw/LawClass/LawAll.aspx?pcode=J0020061
7.1,2019-08-09,交通工具排放空氣污染物審查費證書費收費標準,行政＞環境部＞大氣環境目,命令,https://law.moj.gov.tw/LawClass/LawAll.aspx?pcode=O0020014
7.1,2019-09-05,限制產品過度包裝檢驗收費標準,行政＞環境部＞資源循環目,命令,https://law.moj.gov.tw/LawClass/LawAll.aspx?pcode=O0050077
7.0,2019-09-27,專利規費收費辦法,行政＞經濟部＞智慧財產權目,命令,https://law.moj.gov.tw/LawClass/LawAll.aspx?pcode=J0070012
7.0,2019-10-07,固定污染源空氣污染防制規費收費標準,行政＞環境部＞大氣環境目,命令,https://law.moj.gov.tw/LawClass/LawAll.aspx?pcode=O0020013
6.9,2019-10-24,勞動事件法第四十條第二項委任律師酬金支給標準,司法＞院本部＞民事目,命令,https://law.moj.gov.tw/LawClass/LawAll.aspx?pcode=B0010067
6.8,2019-12-25,國家通訊傳播委員會提供政府資訊收費標準,行政＞國家通訊傳播委員會＞收費標準目,命令,https://law.moj.gov.tw/LawClass/LawAll.aspx?pcode=K0010120
6.8,2019-11-22,機關委託社會福利服務廠商評選及計費辦法,行政＞行政院公共工程委員會＞通用目,命令,https://law.moj.gov.tw/LawClass/LawAll.aspx?pcode=A0030316
6.8,2019-11-29,國土計畫使用許可審查費收費辦法,行政＞內政部＞國土管理目,命令,https://law.moj.gov.tw/LawClass/LawAll.aspx?pcode=D0070289
6.8,2019-12-05,國家考試電子計算器審查收費標準,考試＞考選部＞一般性考試目,命令,https://law.moj.gov.tw/LawClass/LawAll.aspx?pcode=R0020038
6.7,2020-01-15,股票上市或於證券商營業處所買賣公司薪資報酬委員會設置及行使職權辦法,行政＞金融監督管理委員會＞證券暨期貨管理目  ,命令,https://law.moj.gov.tw/LawClass/LawAll.aspx?pcode=G0400149
6.7,2020-01-14,有限合夥規費收費準則,行政＞經濟部＞商業目,命令,https://law.moj.gov.tw/LawClass/LawAll.aspx?pcode=J0080056
6.6,2020-02-26,財政部財政資訊中心提供財稅資訊收費標準,行政＞財政部＞財政資訊目,命令,https://law.moj.gov.tw/LawClass/LawAll.aspx?pcode=G0340123
6.6,2020-02-07,內政部受理查詢海域區與沿海保護區及特定區位案件收費標準,行政＞內政部＞國家公園目,命令,https://law.moj.gov.tw/LawClass/LawAll.aspx?pcode=D0070255
6.6,2020-03-03,玉山國家公園土地使用證明規費收費標準,行政＞內政部＞國家公園目,命令,https://law.moj.gov.tw/LawClass/LawAll.aspx?pcode=D0070290
6.5,2020-04-08,產品安全資訊申報登錄及型式驗證規費收費標準,行政＞勞動部＞職業安全衛生目,命令,https://law.moj.gov.tw/LawClass/LawAll.aspx?pcode=N0060067
6.4,2020-05-19,國立臺灣博物館門票收費標準,行政＞文化部＞建設目,命令,https://law.moj.gov.tw/LawClass/LawAll.aspx?pcode=H0170045
6.3,2020-05-26,優惠電價收費辦法,行政＞經濟部＞能源目,命令,https://law.moj.gov.tw/LawClass/LawAll.aspx?pcode=J0030127
6.2,2020-07-03,農業主管機關受理申請許可案件及核發證明文件收費標準,行政＞農業部＞農村發展及水土保持目,命令,https://law.moj.gov.tw/LawClass/LawAll.aspx?pcode=M0020017
6.2,2020-07-09,懲戒法院辦理公務員懲戒案件必要費用徵收標準,司法＞院本部＞行懲及智財目,命令,https://law.moj.gov.tw/LawClass/LawAll.aspx?pcode=A0020187
6.2,2020-07-21,西藥查驗登記審查費收費標準,行政＞衛生福利部＞食品藥物管理目,命令,https://law.moj.gov.tw/LawClass/LawAll.aspx?pcode=L0030107
6.1,2020-08-04,音樂著作強制授權申請許可及使用報酬辦法,行政＞經濟部＞智慧財產權目,命令,https://law.moj.gov.tw/LawClass/LawAll.aspx?pcode=J0070021
6.1,2020-09-03,國家發展委員會提供政府資訊收費標準,行政＞國家發展委員會＞院（處）務目,命令,https://law.moj.gov.tw/LawClass/LawAll.aspx?pcode=A0020134
6.1,2020-09-03,國立臺灣歷史博物館門票收費標準,行政＞文化部＞建設目,命令,https://law.moj.gov.tw/LawClass/LawAll.aspx?pcode=H0170088
6.1,2020-08-04,電信號碼使用費收費標準,行政＞數位發展部＞資源管理目,命令,https://law.moj.gov.tw/LawClass/LawAll.aspx?pcode=K0060149
6.0,2020-09-29,事業廢棄物清理計畫書審查費收費標準,行政＞環境部＞資源循環目,命令,https://law.moj.gov.tw/LawClass/LawAll.aspx?pcode=O0050065
5.9,2020-10-19,水權登記收費標準,行政＞經濟部＞水利目,命令,https://law.moj.gov.tw/LawClass/LawAll.aspx?pcode=J0110025
5.9,2020-11-10,管制性化學品許可申請收費標準,行政＞勞動部＞職業安全衛生目,命令,https://law.moj.gov.tw/LawClass/LawAll.aspx?pcode=N0060072
5.9,2020-11-04,法務部核發律師證書與外國法事務律師執業許可證及其未受懲戒證明收費標準,行政＞法務部＞檢察目,命令,https://law.moj.gov.tw/LawClass/LawAll.aspx?pcode=I0020037
5.9,2020-11-12,農業灌溉用水加壓供水收費標準,行政＞農業部＞農田水利目,命令,https://law.moj.gov.tw/LawClass/LawAll.aspx?pcode=M0100026
5.7,2020-12-30,非正規教育課程認可規費收費標準,行政＞教育部＞終身教育目,命令,https://law.moj.gov.tw/LawClass/LawAll.aspx?pcode=H0080070
5.7,2021-01-15,專業技師辦理建築物結構與設備專業工程簽證許可收費標準,行政＞內政部＞國土管理目,命令,https://law.moj.gov.tw/LawClass/LawAll.aspx?pcode=D0070293
5.6,2021-03-03,國史館及所屬機關提供政府資訊收費標準,總統＞總統府＞國史館目,命令,https://law.moj.gov.tw/LawClass/LawAll.aspx?pcode=A0020144
5.6,2021-02-20,法務部司法官學院圖書管理規費收費標準,行政＞法務部＞法訓目,命令,https://law.moj.gov.tw/LawClass/LawAll.aspx?pcode=I0010096
5.5,2021-04-07,毒性及關注化學物質管理法規費收費標準,行政＞環境部＞化學物質管理目,命令,https://law.moj.gov.tw/LawClass/LawAll.aspx?pcode=O0060019
5.5,2021-04-09,國軍退除役官兵輔導委員會榮譽國民之家自費安養規費收費標準,行政＞國軍退除役官兵輔導委員會＞就養目,命令,https://law.moj.gov.tw/LawClass/LawAll.aspx?pcode=F0150025
5.5,2021-03-11,著作財產權人不明著作利用之許可授權及使用報酬辦法,行政＞經濟部＞智慧財產權目,命令,https://law.moj.gov.tw/LawClass/LawAll.aspx?pcode=J0070044
5.5,2021-04-09,國軍退除役官兵輔導委員會榮譽國民之家自費養護規費收費標準,行政＞國軍退除役官兵輔導委員會＞就養目,命令,https://law.moj.gov.tw/LawClass/LawAll.aspx?pcode=F0150032
5.5,2021-03-11,建築師證書及開業證書收費標準,行政＞內政部＞國土管理目,命令,https://law.moj.gov.tw/LawClass/LawAll.aspx?pcode=D0070294
5.4,2021-05-12,專科護理師申請甄審收費標準,行政＞衛生福利部＞護理及健康照護目,命令,https://law.moj.gov.tw/LawClass/LawAll.aspx?pcode=L0020126
5.4,2021-05-13,環境維護費收費標準,行政＞經濟部＞地礦目,命令,https://law.moj.gov.tw/LawClass/LawAll.aspx?pcode=J0020053
5.4,2021-04-16,國中教育會考收費標準,行政＞教育部＞國民及學前教育目,命令,https://law.moj.gov.tw/LawClass/LawAll.aspx?pcode=H0070056
5.4,2021-05-05,海洋國家公園管理處核發土地使用證明規費收費標準,行政＞內政部＞國家公園目,命令,https://law.moj.gov.tw/LawClass/LawAll.aspx?pcode=D0070295
5.4,2021-05-07,國立臺灣文學館臺灣文學基地場地使用收費標準,行政＞文化部＞建設目,命令,https://law.moj.gov.tw/LawClass/LawAll.aspx?pcode=H0170159
5.3,2021-06-02,農會漁會信用部設立許可證收費標準,行政＞農業部＞農業金融目,命令,https://law.moj.gov.tw/LawClass/LawAll.aspx?pcode=M0070057
5.3,2021-06-18,中央警察大學接受委託鑑定案件收費標準,行政＞內政部＞警政目,命令,https://law.moj.gov.tw/LawClass/LawAll.aspx?pcode=D0080176
5.3,2021-06-16,商業事件律師酬金列為訴訟或程序費用之支給標準,司法＞院本部＞民事目,命令,https://law.moj.gov.tw/LawClass/LawAll.aspx?pcode=B0010078
5.2,2021-06-30,交通部所屬機關機構所轄公有公共運輸系統之場站或相關設施優先提供文化創意及運動產業之產品或服務廣告空間比例及使用費率標準,行政＞交通部＞交通通用目,命令,https://law.moj.gov.tw/LawClass/LawAll.aspx?pcode=K0020063
5.2,2021-07-19,建築物公共安全檢查專業機構標準檢查員及專業人員認可證收費標準,行政＞內政部＞國土管理目,命令,https://law.moj.gov.tw/LawClass/LawAll.aspx?pcode=D0070297
5.1,2021-08-20,行政院及各級行政機關訴願文書使用收費標準,行政＞院本部＞通用目,命令,https://law.moj.gov.tw/LawClass/LawAll.aspx?pcode=A0030118
5.0,2021-09-08,市區道路使用費收費標準,行政＞內政部＞國土管理目,命令,https://law.moj.gov.tw/LawClass/LawAll.aspx?pcode=D0070016
5.0,2021-10-05,國立故宮博物院資料閱覽抄錄複製收費標準,行政＞國立故宮博物院＞故宮博物目,命令,https://law.moj.gov.tw/LawClass/LawAll.aspx?pcode=H0190009
5.0,2021-09-29,罕見疾病藥物查驗登記審查費收費標準,行政＞衛生福利部＞食品藥物管理目,命令,https://law.moj.gov.tw/LawClass/LawAll.aspx?pcode=L0030133
5.0,2021-10-05,交通部鐵道局國際會議廳場地使用收費標準,行政＞交通部＞鐵路目,命令,https://law.moj.gov.tw/LawClass/LawAll.aspx?pcode=K0010153
5.0,2021-10-07,文化部文化資產園區場地使用收費標準,行政＞文化部＞建設目,命令,https://law.moj.gov.tw/LawClass/LawAll.aspx?pcode=H0170161
4.9,2021-11-11,正字標記規費收費準則,行政＞經濟部＞標準檢驗目,命令,https://law.moj.gov.tw/LawClass/LawAll.aspx?pcode=J0100022
4.9,2021-10-27,國立臺灣博物館規費收費標準,行政＞文化部＞建設目,命令,https://law.moj.gov.tw/LawClass/LawAll.aspx?pcode=H0170070
4.9,2021-11-08,學校財團法人董事長董事監察人支領報酬及費用標準,行政＞教育部＞私立學校目,命令,https://law.moj.gov.tw/LawClass/LawAll.aspx?pcode=H0040027
4.9,2021-10-21,食品藥品醫療器材化粧品檢驗機構認證收費標準,行政＞衛生福利部＞食品藥物管理目,命令,https://law.moj.gov.tw/LawClass/LawAll.aspx?pcode=L0030135
4.8,2021-11-24,用水計畫審查收費標準,行政＞經濟部＞水利目,命令,https://law.moj.gov.tw/LawClass/LawAll.aspx?pcode=J0110053
4.8,2021-11-24,公用天然氣事業用戶管線設備裝置計費準則,行政＞經濟部＞能源目,命令,https://law.moj.gov.tw/LawClass/LawAll.aspx?pcode=J0130051
4.7,2022-01-17,國立臺灣史前文化博物館規費收費標準,行政＞文化部＞建設目,命令,https://law.moj.gov.tw/LawClass/LawAll.aspx?pcode=H0020064
4.7,2022-01-12,醫事憑證收費標準,行政＞衛生福利部＞資訊目,命令,https://law.moj.gov.tw/LawClass/LawAll.aspx?pcode=L0020122
4.7,2022-01-28,考試院及所屬機關提供政府資訊收費標準,考試＞院本部＞通用目,命令,https://law.moj.gov.tw/LawClass/LawAll.aspx?pcode=R0020027
4.7,2022-01-24,國立臺灣歷史博物館圖像影音及出版品資料使用收費標準,行政＞文化部＞建設目,命令,https://law.moj.gov.tw/LawClass/LawAll.aspx?pcode=H0170063
4.7,2022-01-05,國史館臺灣文獻館特展室場地使用規費收費標準,總統＞總統府＞國史館目,命令,https://law.moj.gov.tw/LawClass/LawAll.aspx?pcode=A0020190
4.6,2022-03-09,勞工職業災害保險實績費率計算及調整辦法,行政＞勞動部＞勞動保險目,命令,https://law.moj.gov.tw/LawClass/LawAll.aspx?pcode=N0050003
4.6,2022-02-08,植物品種及種苗管理收費標準,行政＞農業部＞農糧目,命令,https://law.moj.gov.tw/LawClass/LawAll.aspx?pcode=M0030062
4.6,2022-02-15,公共衛生師申請證書及證明書收費標準,行政＞衛生福利部＞醫事目,命令,https://law.moj.gov.tw/LawClass/LawAll.aspx?pcode=L0020223
4.5,2022-03-30,考試院及所屬機關訴願文書使用收費標準,考試＞院本部＞通用目,命令,https://law.moj.gov.tw/LawClass/LawAll.aspx?pcode=A0020114
4.5,2022-03-24,空氣污染防制費收費辦法,行政＞環境部＞大氣環境目,命令,https://law.moj.gov.tw/LawClass/LawAll.aspx?pcode=O0020027
4.5,2022-03-11,全民健康保險保險人資訊整合應用服務收費標準,行政＞衛生福利部＞中央健康保險目,命令,https://law.moj.gov.tw/LawClass/LawAll.aspx?pcode=L0060040
4.5,2022-03-18,特定檢驗實驗室開發檢測認證收費標準,行政＞衛生福利部＞食品藥物管理目,命令,https://law.moj.gov.tw/LawClass/LawAll.aspx?pcode=L0030140
4.5,2022-04-08,文化部文化資產局受理查詢國定或重要有形文化資產及水下文化資產範圍案件收費標準,行政＞文化部＞文化資產目,命令,https://law.moj.gov.tw/LawClass/LawAll.aspx?pcode=H0170535
4.4,2022-05-17,公共衛生師事務所登記證及執業執照收費標準,行政＞衛生福利部＞醫事目,命令,https://law.moj.gov.tw/LawClass/LawAll.aspx?pcode=L0020226
4.3,2022-06-01,各級學校專任運動教練資格審定規費收費標準,行政＞運動部＞競技運動目,命令,https://law.moj.gov.tw/LawClass/LawAll.aspx?pcode=H0120037
4.2,2022-06-30,環境影響評估書件審查收費辦法,行政＞環境部＞綜合規劃目,命令,https://law.moj.gov.tw/LawClass/LawAll.aspx?pcode=O0090010
4.2,2022-07-27,內政部電信信令人口統計資料收費標準,行政＞內政部＞處務目,命令,https://law.moj.gov.tw/LawClass/LawAll.aspx?pcode=D0010123
4.1,2022-08-12,國立臺灣圖書館陽明山中山樓參觀門票收費標準,行政＞教育部＞終身教育目,命令,https://law.moj.gov.tw/LawClass/LawAll.aspx?pcode=H0020082
4.1,2022-08-23,墾丁國家公園鵝鑾鼻公園收費標準,行政＞內政部＞國家公園目,命令,https://law.moj.gov.tw/LawClass/LawAll.aspx?pcode=D0070228
4.1,2022-09-02,國立臺灣文學館典藏數位圖像使用收費標準,行政＞文化部＞建設目,命令,https://law.moj.gov.tw/LawClass/LawAll.aspx?pcode=H0170539
4.0,2022-09-28,環境敏感地區單一窗口查詢結果通知書收費標準,行政＞內政部＞國土管理目,命令,https://law.moj.gov.tw/LawClass/LawAll.aspx?pcode=D0070231
4.0,2022-09-29,小門地質探索館參觀門票收費標準,行政＞交通部＞觀光目,命令,https://law.moj.gov.tw/LawClass/LawAll.aspx?pcode=K0110050
3.9,2022-11-01,內政部國土測繪中心規費收費標準,行政＞內政部＞地政目,命令,https://law.moj.gov.tw/LawClass/LawAll.aspx?pcode=D0060087
3.9,2022-10-27,稻米出進口同意文件規費收費標準,行政＞農業部＞農糧目,命令,https://law.moj.gov.tw/LawClass/LawAll.aspx?pcode=M0030103
3.9,2022-10-28,著作權集體管理團體財務報表及使用報酬分配表會計師查核簽證規則,行政＞經濟部＞智慧財產權目,命令,https://law.moj.gov.tw/LawClass/LawAll.aspx?pcode=J0070051
3.8,2022-11-24,公司登記規費收費準則,行政＞經濟部＞商業目,命令,https://law.moj.gov.tw/LawClass/LawAll.aspx?pcode=J0080002
3.8,2022-12-05,繁殖用植物實施特定疫病蟲害檢查及收費辦法,行政＞農業部＞動植物防檢疫目,命令,https://law.moj.gov.tw/LawClass/LawAll.aspx?pcode=M0140005
3.8,2022-12-01,國立臺灣交響樂團演奏廳場地設備使用收費標準,行政＞文化部＞建設目,命令,https://law.moj.gov.tw/LawClass/LawAll.aspx?pcode=H0170035
3.7,2022-12-30,檔案閱覽抄錄複製收費標準,行政＞國家發展委員會＞通用目,命令,https://law.moj.gov.tw/LawClass/LawAll.aspx?pcode=A0030091
3.7,2023-01-13,土地複丈費及建築改良物測量費收費標準,行政＞內政部＞地政目,命令,https://law.moj.gov.tw/LawClass/LawAll.aspx?pcode=D0060046
3.7,2023-01-06,土石採取規費收費標準,行政＞經濟部＞地礦目,命令,https://law.moj.gov.tw/LawClass/LawAll.aspx?pcode=J0020035
3.7,2023-01-18,墾丁國家公園管理處核發土地使用證明規費收費標準,行政＞內政部＞國家公園目,命令,https://law.moj.gov.tw/LawClass/LawAll.aspx?pcode=D0070158
3.7,2022-12-30,屠宰衛生檢查收費標準,行政＞農業部＞動植物防檢疫目,命令,https://law.moj.gov.tw/LawClass/LawAll.aspx?pcode=M0130038
3.6,2023-02-20,中華民國普通護照規費收費標準,行政＞外交部＞領事業務目,命令,https://law.moj.gov.tw/LawClass/LawAll.aspx?pcode=E0030008
3.6,2023-03-08,復審文書使用收費標準,考試＞公務人員保障暨培訓委員會＞保障目    ,命令,https://law.moj.gov.tw/LawClass/LawAll.aspx?pcode=S0120004
3.6,2023-02-21,辦理勞工體格與健康檢查醫療機構認可審查收費標準,行政＞勞動部＞職業安全衛生目,命令,https://law.moj.gov.tw/LawClass/LawAll.aspx?pcode=N0060074
3.6,2023-03-07,國家人權博物館場地設施使用費收費標準,行政＞文化部＞建設目,命令,https://law.moj.gov.tw/LawClass/LawAll.aspx?pcode=H0010067
3.6,2023-02-23,醫療器材行政規費收費標準,行政＞衛生福利部＞食品藥物管理目,命令,https://law.moj.gov.tw/LawClass/LawAll.aspx?pcode=L0030123
3.6,2023-02-20,水產動物海域放流權責人員教育訓練證書費收費標準,行政＞農業部＞漁業目,命令,https://law.moj.gov.tw/LawClass/LawAll.aspx?pcode=M0050071
3.5,2023-03-28,考試院各種證書暨證明書規費收費標準,考試＞院本部＞通用目,命令,https://law.moj.gov.tw/LawClass/LawAll.aspx?pcode=A0030198
3.5,2023-03-25,國立歷史博物館場地設備規費收費標準,行政＞文化部＞建設目,命令,https://law.moj.gov.tw/LawClass/LawAll.aspx?pcode=H0020071
3.5,2023-04-14,國立新竹生活美學館場地使用收費標準,行政＞文化部＞建設目,命令,https://law.moj.gov.tw/LawClass/LawAll.aspx?pcode=H0170542
3.4,2023-05-10,行政訴訟事件律師酬金列為訴訟費用之支給標準,司法＞院本部＞行懲及智財目,命令,https://law.moj.gov.tw/LawClass/LawAll.aspx?pcode=A0020102
3.4,2023-04-20,土地或建築改良物權利書狀及申請應用地籍資料規費收費標準,行政＞內政部＞地政目,命令,https://law.moj.gov.tw/LawClass/LawAll.aspx?pcode=D0060122
3.4,2023-04-28,公務人員保障暨培訓委員會複查成績及閱覽試卷收費標準,考試＞公務人員保障暨培訓委員會＞組織目       ,命令,https://law.moj.gov.tw/LawClass/LawAll.aspx?pcode=S0120005
3.3,2023-06-16,漁港基本設施使用管理費收費類目及費率標準,行政＞農業部＞漁業目,命令,https://law.moj.gov.tw/LawClass/LawAll.aspx?pcode=M0050014
3.3,2023-06-12,水土保持計畫審查收費標準,行政＞農業部＞農村發展及水土保持目,命令,https://law.moj.gov.tw/LawClass/LawAll.aspx?pcode=M0110005
3.3,2023-05-30,國立臺灣美術館場地設備使用及收費標準,行政＞文化部＞建設目,命令,https://law.moj.gov.tw/LawClass/LawAll.aspx?pcode=H0170065
3.3,2023-06-01,行動寬頻專用電信網路規費收費標準,行政＞數位發展部＞數位產業目,命令,https://law.moj.gov.tw/LawClass/LawAll.aspx?pcode=K0060163
3.3,2023-06-06,指定菸品健康風險評估審查收費標準,行政＞衛生福利部＞國民健康目,命令,https://law.moj.gov.tw/LawClass/LawAll.aspx?pcode=L0070063
3.2,2023-07-17,財政部及所屬機關提供政府資訊收費標準,行政＞財政部＞綜合規劃目,命令,https://law.moj.gov.tw/LawClass/LawAll.aspx?pcode=G0310041
3.2,2023-06-29,就業金卡與就業 PASS 卡及創業家簽證規費收費標準,行政＞內政部＞移民目,命令,https://law.moj.gov.tw/LawClass/LawAll.aspx?pcode=D0080205
3.2,2023-07-10,食農教育專業人員申請認可收費標準,行政＞農業部＞農民輔導目,命令,https://law.moj.gov.tw/LawClass/LawAll.aspx?pcode=M0090043
3.2,2023-07-24,職業安全衛生顧問服務機構審查收費標準,行政＞勞動部＞職業安全衛生目,命令,https://law.moj.gov.tw/LawClass/LawAll.aspx?pcode=N0060084
3.1,2023-08-17,國家科學及技術委員會及所屬機關提供政府資訊收費標準,行政＞國家科學及技術委員會＞科學技術目,命令,https://law.moj.gov.tw/LawClass/LawAll.aspx?pcode=H0160052
3.1,2023-08-17,不當勞動行為裁決委員案件審理給付報酬標準,行政＞勞動部＞勞動關係目,命令,https://law.moj.gov.tw/LawClass/LawAll.aspx?pcode=N0020020
3.1,2023-08-18,智慧財產民事事件律師酬金列為訴訟或程序費用之支給標準,司法＞院本部＞行懲及智財目,命令,https://law.moj.gov.tw/LawClass/LawAll.aspx?pcode=A0030351
3.0,2023-09-12,戶政規費收費標準,行政＞內政部＞戶政目,命令,https://law.moj.gov.tw/LawClass/LawAll.aspx?pcode=D0030026
3.0,2023-09-19,農業部林業試驗所受託試驗及鑑定收費標準,行政＞農業部＞農業試驗改良目,命令,https://law.moj.gov.tw/LawClass/LawAll.aspx?pcode=M0040046
2.9,2023-11-17,環境部資源回收費率審議委員會設置辦法,行政＞環境部＞資源循環目,命令,https://law.moj.gov.tw/LawClass/LawAll.aspx?pcode=O0000013
2.9,2023-10-27,行政院公共工程委員會提供政府資訊收費標準,行政＞行政院公共工程委員會＞處務目,命令,https://law.moj.gov.tw/LawClass/LawAll.aspx?pcode=A0020133
2.9,2023-10-24,節能標章規費收費標準,行政＞經濟部＞能源目,命令,https://law.moj.gov.tw/LawClass/LawAll.aspx?pcode=J0130029
2.9,2023-11-06,科技產業園區社區土地租用及費用計收標準,行政＞經濟部＞園區管理目,命令,https://law.moj.gov.tw/LawClass/LawAll.aspx?pcode=J0050024
2.9,2023-11-20,中藥查驗登記審查費收費標準,行政＞衛生福利部＞中醫藥目,命令,https://law.moj.gov.tw/LawClass/LawAll.aspx?pcode=L0030071
2.9,2023-10-18,農業部臺東區農業改良場辦理農藥田間試驗收費標準,行政＞農業部＞農業試驗改良目,命令,https://law.moj.gov.tw/LawClass/LawAll.aspx?pcode=M0140036
2.9,2023-11-09,農業部臺南區農業改良場辦理農藥田間試驗收費標準,行政＞農業部＞農業試驗改良目,命令,https://law.moj.gov.tw/LawClass/LawAll.aspx?pcode=M0140040
2.9,2023-11-15,農業部高雄區農業改良場辦理農藥田間試驗收費標準,行政＞農業部＞農業試驗改良目,命令,https://law.moj.gov.tw/LawClass/LawAll.aspx?pcode=M0140043
2.9,2023-11-14,農業部花蓮區農業改良場辦理農藥田間試驗收費標準,行政＞農業部＞農業試驗改良目,命令,https://law.moj.gov.tw/LawClass/LawAll.aspx?pcode=M0140044
2.9,2023-10-20,農業部水產試驗所基因改造水產生物田間試驗收費標準,行政＞農業部＞農業試驗改良目,命令,https://law.moj.gov.tw/LawClass/LawAll.aspx?pcode=M0050049
2.9,2023-10-24,農業部農業科技園區管理中心建築執照規費收費標準,行政＞農業部＞農業科技園區目,命令,https://law.moj.gov.tw/LawClass/LawAll.aspx?pcode=M0080017
2.8,2023-11-23,礦業權費收費辦法,行政＞經濟部＞地礦目,命令,https://law.moj.gov.tw/LawClass/LawAll.aspx?pcode=J0020033
2.8,2023-11-22,水污染防治費費率審議委員會設置辦法,行政＞環境部＞水質保護目,命令,https://law.moj.gov.tw/LawClass/LawAll.aspx?pcode=O0000015
2.8,2023-12-20,核能安全委員會及所屬機關提供政府資訊收費標準,行政＞核能安全委員會＞原子能目,命令,https://law.moj.gov.tw/LawClass/LawAll.aspx?pcode=J0160073
2.8,2023-12-19,交通部觀光署東部海岸國家風景區管理處所屬景區入園清潔維護費收費標準,行政＞交通部＞觀光目,命令,https://law.moj.gov.tw/LawClass/LawAll.aspx?pcode=K0110036
2.8,2023-12-15,農業部苗栗區農業改良場辦理農藥田間試驗收費標準,行政＞農業部＞農業試驗改良目,命令,https://law.moj.gov.tw/LawClass/LawAll.aspx?pcode=M0140038
2.8,2023-12-05,農業部臺中區農業改良場辦理農藥田間試驗收費標準,行政＞農業部＞農業試驗改良目,命令,https://law.moj.gov.tw/LawClass/LawAll.aspx?pcode=M0140039
2.8,2023-12-11,農業部農業試驗所辦理農藥殘毒快速檢驗與植物病原檢測及農藥田間試驗收費標準,行政＞農業部＞農業試驗改良目,命令,https://law.moj.gov.tw/LawClass/LawAll.aspx?pcode=M0140045
2.8,2023-12-21,內政部受理濕地保育法所定查詢及申請許可案件收費標準,行政＞內政部＞國家公園目,命令,https://law.moj.gov.tw/LawClass/LawAll.aspx?pcode=D0070245
2.8,2023-11-29,經濟部受理戰略性高科技貨品鑑定收費標準,行政＞經濟部＞國際貿易目,命令,https://law.moj.gov.tw/LawClass/LawAll.aspx?pcode=J0090034
2.7,2023-12-28,入出國及移民許可證件規費收費標準,行政＞內政部＞移民目,命令,https://law.moj.gov.tw/LawClass/LawAll.aspx?pcode=D0080135
2.7,2023-12-29,土壤及地下水污染整治費收費辦法,行政＞環境部＞環境管理目,命令,https://law.moj.gov.tw/LawClass/LawAll.aspx?pcode=O0110004
2.7,2024-01-05,礦產權利金收費辦法,行政＞經濟部＞地礦目,命令,https://law.moj.gov.tw/LawClass/LawAll.aspx?pcode=J0020034
2.7,2024-01-23,高級中等學校向學生收取費用辦法,行政＞教育部＞國民及學前教育目,命令,https://law.moj.gov.tw/LawClass/LawAll.aspx?pcode=H0060022
2.7,2023-12-28,農業部畜產試驗所飼料化驗項目及收費標準,行政＞農業部＞農業試驗改良目,命令,https://law.moj.gov.tw/LawClass/LawAll.aspx?pcode=M0060076
2.7,2023-12-27,核能安全委員會場地設施使用規費收費標準,行政＞核能安全委員會＞原子能目,命令,https://law.moj.gov.tw/LawClass/LawAll.aspx?pcode=J0160081
2.7,2023-12-27,農業部桃園區農業改良場辦理農藥田間試驗收費標準,行政＞農業部＞農業試驗改良目,命令,https://law.moj.gov.tw/LawClass/LawAll.aspx?pcode=M0140042
2.7,2024-01-02,農業部畜產試驗所種畜禽基因檢測服務收費標準,行政＞農業部＞農業試驗改良目,命令,https://law.moj.gov.tw/LawClass/LawAll.aspx?pcode=M0060079
2.7,2024-01-26,農業部苗栗區農業改良場臺灣蠶蜂昆蟲教育園區收費標準,行政＞農業部＞農業試驗改良目,命令,https://law.moj.gov.tw/LawClass/LawAll.aspx?pcode=M0080015
2.7,2023-12-27,檔案管理人員專業認證考試收費標準,行政＞國家發展委員會＞通用目,命令,https://law.moj.gov.tw/LawClass/LawAll.aspx?pcode=A0030353
2.7,2024-02-01,消防設備人員證書及執業執照收費標準,行政＞內政部＞消防目,命令,https://law.moj.gov.tw/LawClass/LawAll.aspx?pcode=D0120078
2.6,2024-02-05,海洋污染防治各項許可申請收費辦法,行政＞海洋委員會＞海洋資源目,命令,https://law.moj.gov.tw/LawClass/LawAll.aspx?pcode=O0040033
2.6,2024-02-17,海洋污染防治費收費辦法,行政＞海洋委員會＞海洋資源目,命令,https://law.moj.gov.tw/LawClass/LawAll.aspx?pcode=O0040048
2.6,2024-02-21,工業專用港或工業專用碼頭港埠費用收費辦法,行政＞經濟部＞園區管理目,命令,https://law.moj.gov.tw/LawClass/LawAll.aspx?pcode=J0030110
2.6,2024-03-08,天然氣事業規費收費標準,行政＞經濟部＞能源目,命令,https://law.moj.gov.tw/LawClass/LawAll.aspx?pcode=J0130067
2.6,2024-02-07,農業部生物多樣性研究所保育教育館門票收費標準,行政＞農業部＞農業試驗改良目,命令,https://law.moj.gov.tw/LawClass/LawAll.aspx?pcode=M0010035
2.6,2024-02-02,防火管理人訓練專業機構申請登錄收費標準,行政＞內政部＞消防目,命令,https://law.moj.gov.tw/LawClass/LawAll.aspx?pcode=D0120080
2.6,2024-02-20,防焰性能認證專業機構申請登錄收費標準,行政＞內政部＞消防目,命令,https://law.moj.gov.tw/LawClass/LawAll.aspx?pcode=D0120082
2.6,2024-02-26,防焰性能試驗機構申請登錄收費標準,行政＞內政部＞消防目,命令,https://law.moj.gov.tw/LawClass/LawAll.aspx?pcode=D0120084
2.6,2024-02-27,消防設備人員專業訓練機關（構）學校團體申請認可收費標準,行政＞內政部＞消防目,命令,https://law.moj.gov.tw/LawClass/LawAll.aspx?pcode=D0120086
2.6,2024-03-07,液體公共危險物品儲槽檢查專業機構申請許可收費標準,行政＞內政部＞消防目,命令,https://law.moj.gov.tw/LawClass/LawAll.aspx?pcode=D0120088
2.6,2024-03-07,服勤人員訓練專業機構申請登錄收費標準,行政＞內政部＞消防目,命令,https://law.moj.gov.tw/LawClass/LawAll.aspx?pcode=D0120090
2.5,2024-03-13,國立彰化生活美學館場地暨設備使用規費收費標準,行政＞文化部＞建設目,命令,https://law.moj.gov.tw/LawClass/LawAll.aspx?pcode=H0170140
2.5,2024-03-13,農業部種苗改良繁殖場受託辦理檢測試驗服務收費標準,行政＞農業部＞農業試驗改良目,命令,https://law.moj.gov.tw/LawClass/LawAll.aspx?pcode=M0030104
2.5,2024-03-14,液化石油氣零售業安全技術人員訓練專業機構申請登錄收費標準,行政＞內政部＞消防目,命令,https://law.moj.gov.tw/LawClass/LawAll.aspx?pcode=D0120092
2.5,2024-03-15,保安監督人及保安檢查員訓練專業機構申請登錄收費標準,行政＞內政部＞消防目,命令,https://law.moj.gov.tw/LawClass/LawAll.aspx?pcode=D0120094
2.4,2024-04-29,礦業規費收費標準,行政＞經濟部＞地礦目,命令,https://law.moj.gov.tw/LawClass/LawAll.aspx?pcode=J0020026
2.4,2024-05-17,藥品廣告審查費收費標準,行政＞衛生福利部＞食品藥物管理目,命令,https://law.moj.gov.tw/LawClass/LawAll.aspx?pcode=L0030043
2.4,2024-04-15,中央管河川採取土石使用河川公地使用費收費標準,行政＞經濟部＞水利目,命令,https://law.moj.gov.tw/LawClass/LawAll.aspx?pcode=J0110052
2.4,2024-05-02,交通部觀光署辦理觀光旅館及旅館等級評鑑收費標準,行政＞交通部＞觀光目,命令,https://law.moj.gov.tw/LawClass/LawAll.aspx?pcode=K0110031
2.4,2024-05-02,交通部觀光署及所屬各國家風景區管理處受理查詢國家級風景特定區範圍案件收費標準,行政＞交通部＞觀光目,命令,https://law.moj.gov.tw/LawClass/LawAll.aspx?pcode=K0110049
2.4,2024-05-03,陽明山國家公園陽明書屋影視拍攝收費標準,行政＞內政部＞國家公園目,命令,https://law.moj.gov.tw/LawClass/LawAll.aspx?pcode=D0070303
2.3,2024-06-18,國立海洋生物博物館規費收費標準,行政＞教育部＞終身教育目,命令,https://law.moj.gov.tw/LawClass/LawAll.aspx?pcode=H0020056
2.3,2024-05-21,行政院主計總處提供政府資訊收費標準,行政＞行政院主計總處＞其他目,命令,https://law.moj.gov.tw/LawClass/LawAll.aspx?pcode=T0010009
2.3,2024-05-30,消防安全設備檢修專業機構審查費及證書費收費標準,行政＞內政部＞消防目,命令,https://law.moj.gov.tw/LawClass/LawAll.aspx?pcode=D0120045
2.3,2024-05-21,法院辦理民事事件提解費用徵收標準,司法＞院本部＞民事目,命令,https://law.moj.gov.tw/LawClass/LawAll.aspx?pcode=B0010060
2.3,2024-06-20,地質資料供應及收費標準,行政＞經濟部＞地礦目,命令,https://law.moj.gov.tw/LawClass/LawAll.aspx?pcode=J0020062
2.3,2024-06-03,低碳建築標示規費收費標準,行政＞內政部＞建築研究目,命令,https://law.moj.gov.tw/LawClass/LawAll.aspx?pcode=D0070304
2.3,2024-06-03,申請指定建築蘊含碳排標示評定專業機構規費收費標準,行政＞內政部＞建築研究目,命令,https://law.moj.gov.tw/LawClass/LawAll.aspx?pcode=D0070305
2.3,2024-06-20,客家委員會客家文化發展中心好客劇場收費標準,行政＞客家委員會＞客家事務目,命令,https://law.moj.gov.tw/LawClass/LawAll.aspx?pcode=D0140026
2.2,2024-07-29,法務部調查局辦理血緣關係鑑定案件收費標準,行政＞法務部＞調查目,命令,https://law.moj.gov.tw/LawClass/LawAll.aspx?pcode=I0010065
2.2,2024-07-02,綠建築標章及建築能效標示規費收費標準,行政＞內政部＞建築研究目,命令,https://law.moj.gov.tw/LawClass/LawAll.aspx?pcode=D0070187
2.2,2024-07-11,食品藥物化粧品檢驗封緘及對照標準品供應收費標準,行政＞衛生福利部＞食品藥物管理目,命令,https://law.moj.gov.tw/LawClass/LawAll.aspx?pcode=L0040094
2.2,2024-07-03,客家委員會客家文化發展中心臺灣客家文化館場地設備使用規費收費標準,行政＞客家委員會＞客家事務目,命令,https://law.moj.gov.tw/LawClass/LawAll.aspx?pcode=D0140009
2.2,2024-06-27,農業部茶及飲料作物改良場辦理農藥田間試驗收費標準,行政＞農業部＞農業試驗改良目,命令,https://law.moj.gov.tw/LawClass/LawAll.aspx?pcode=M0140046
2.2,2024-07-02,申請指定綠建築綠建材智慧建築標章及建築能效標示評定專業機構收費標準,行政＞內政部＞建築研究目,命令,https://law.moj.gov.tw/LawClass/LawAll.aspx?pcode=D0070226
2.2,2024-07-03,太魯閣國家公園錐麓古道入園收費標準,行政＞內政部＞國家公園目,命令,https://law.moj.gov.tw/LawClass/LawAll.aspx?pcode=D0070247
2.2,2024-08-01,申請指定建築物預鑄率評定專業機構規費收費標準,行政＞內政部＞建築研究目,命令,https://law.moj.gov.tw/LawClass/LawAll.aspx?pcode=D0070306
2.1,2024-08-12,放射性物料管制收費標準,行政＞核能安全委員會＞原子能目,命令,https://law.moj.gov.tw/LawClass/LawAll.aspx?pcode=J0160031
2.1,2024-08-14,國立臺灣圖書館規費收費標準,行政＞教育部＞終身教育目,命令,https://law.moj.gov.tw/LawClass/LawAll.aspx?pcode=H0020060
2.1,2024-08-28,內政部建築研究所實驗設施技術服務收費標準,行政＞內政部＞建築研究目,命令,https://law.moj.gov.tw/LawClass/LawAll.aspx?pcode=D0070155
2.1,2024-08-28,國立故宮博物院場地設施規費收費標準,行政＞國立故宮博物院＞故宮博物目,命令,https://law.moj.gov.tw/LawClass/LawAll.aspx?pcode=H0190010
2.1,2024-08-23,依礦業法補辦環境影響評估收費標準,行政＞經濟部＞地礦目,命令,https://law.moj.gov.tw/LawClass/LawAll.aspx?pcode=J0020068
2.0,2024-10-11,臺灣警察專科學校場地設施使用規費收費標準,行政＞內政部＞警政目,命令,https://law.moj.gov.tw/LawClass/LawAll.aspx?pcode=D0080190
2.0,2024-09-30,國立臺灣交響樂團行政大樓場地設備使用收費標準,行政＞文化部＞建設目,命令,https://law.moj.gov.tw/LawClass/LawAll.aspx?pcode=H0170085
2.0,2024-09-24,健康食品查驗登記審查費證書費收費標準,行政＞衛生福利部＞食品藥物管理目,命令,https://law.moj.gov.tw/LawClass/LawAll.aspx?pcode=L0040127
2.0,2024-09-30,臺灣台語語言能力認證考試規費收費標準,行政＞教育部＞終身教育目,命令,https://law.moj.gov.tw/LawClass/LawAll.aspx?pcode=H0080096
1.9,2024-11-11,公民營廢棄物清除處理機構申請許可案件收費標準,行政＞環境部＞資源循環目,命令,https://law.moj.gov.tw/LawClass/LawAll.aspx?pcode=O0050040
1.9,2024-10-18,國立臺灣藝術教育館場地設施維護規費收費標準,行政＞教育部＞終身教育目,命令,https://law.moj.gov.tw/LawClass/LawAll.aspx?pcode=H0020063
1.9,2024-10-23,發射載具及太空載具申請登錄收費標準,行政＞國家科學及技術委員會＞科學技術目,命令,https://law.moj.gov.tw/LawClass/LawAll.aspx?pcode=H0160091
1.9,2024-10-23,發射載具申請發射許可收費標準,行政＞國家科學及技術委員會＞科學技術目,命令,https://law.moj.gov.tw/LawClass/LawAll.aspx?pcode=H0160092
1.8,2024-12-19,技術士技能檢定規費收費標準,行政＞勞動部＞職業訓練目,命令,https://law.moj.gov.tw/LawClass/LawAll.aspx?pcode=N0080020
1.8,2024-12-03,專利資料收費標準,行政＞經濟部＞智慧財產權目,命令,https://law.moj.gov.tw/LawClass/LawAll.aspx?pcode=J0070039
1.8,2024-12-09,食品及食品添加物查驗登記等相關審查費及證書費收費標準,行政＞衛生福利部＞食品藥物管理目,命令,https://law.moj.gov.tw/LawClass/LawAll.aspx?pcode=L0040126
1.7,2024-12-30,臺灣高等法院民事訴訟與非訟事件及強制執行費用提高徵收額數標準,司法＞院本部＞民事目,命令,https://law.moj.gov.tw/LawClass/LawAll.aspx?pcode=B0010054
1.7,2024-12-30,福建高等法院金門分院民事訴訟與非訟事件及強制執行費用提高徵收額數標準,司法＞院本部＞民事目,命令,https://law.moj.gov.tw/LawClass/LawAll.aspx?pcode=B0010059
1.7,2025-01-22,法務部及所屬機關提供政府資訊收費標準,行政＞法務部＞法律事務目,命令,https://law.moj.gov.tw/LawClass/LawAll.aspx?pcode=I0020027
1.7,2025-01-08,社會工作師與專科社會工作師證照及甄審審查收費標準,行政＞衛生福利部＞社會救助及社工目,命令,https://law.moj.gov.tw/LawClass/LawAll.aspx?pcode=D0050168
1.7,2025-01-02,空氣污染物及噪音檢查人員證書費收費標準,行政＞環境部＞國家環境研究目,命令,https://law.moj.gov.tw/LawClass/LawAll.aspx?pcode=O0020096
1.7,2025-01-02,環境保護專責及技術人員證書費收費標準,行政＞環境部＞國家環境研究目,命令,https://law.moj.gov.tw/LawClass/LawAll.aspx?pcode=O0100007
1.7,2024-12-30,智慧財產及商業法院民事訴訟與非訟事件及強制執行費用提高徵收額數標準,司法＞院本部＞行懲及智財目,命令,https://law.moj.gov.tw/LawClass/LawAll.aspx?pcode=B0010080
1.7,2025-01-17,精神疾病嚴重病人強制處置費用標準,行政＞衛生福利部＞心理健康目,命令,https://law.moj.gov.tw/LawClass/LawAll.aspx?pcode=L0020247
1.6,2025-03-03,交通部觀光署審查觀光遊樂業籌設許可收費標準,行政＞交通部＞觀光目,命令,https://law.moj.gov.tw/LawClass/LawAll.aspx?pcode=K0110025
1.6,2025-02-19,太魯閣國家公園登頂證明書收費標準,行政＞內政部＞國家公園目,命令,https://law.moj.gov.tw/LawClass/LawAll.aspx?pcode=D0070240
1.6,2025-02-26,國家人權博物館藏品圖像影音資料使用收費標準,行政＞文化部＞建設目,命令,https://law.moj.gov.tw/LawClass/LawAll.aspx?pcode=H0170157
1.6,2025-02-03,電信管理業務規費收費標準,行政＞國家通訊傳播委員會＞收費標準目,命令,https://law.moj.gov.tw/LawClass/LawAll.aspx?pcode=K0060150
1.6,2025-02-11,流速儀校正規費收費標準,行政＞經濟部＞水利目,命令,https://law.moj.gov.tw/LawClass/LawAll.aspx?pcode=J0110114
1.5,2025-04-14,國立自然科學博物館各項門票及相關規費收費標準,行政＞教育部＞終身教育目,命令,https://law.moj.gov.tw/LawClass/LawAll.aspx?pcode=H0020061
1.5,2025-04-14,桃園航空自由貿易港區收費標準,行政＞交通部＞航空目,命令,https://law.moj.gov.tw/LawClass/LawAll.aspx?pcode=K0090058
1.5,2025-03-31,事業及污水下水道系統水污染防治費收費辦法,行政＞環境部＞水質保護目,命令,https://law.moj.gov.tw/LawClass/LawAll.aspx?pcode=O0040053
1.5,2025-04-09,公務人員考試規費收費標準,考試＞考選部＞公務人員考試目,命令,https://law.moj.gov.tw/LawClass/LawAll.aspx?pcode=R0030112
1.5,2025-04-09,專門職業及技術人員考試規費收費標準,考試＞考選部＞專門職業及技術人員考試目,命令,https://law.moj.gov.tw/LawClass/LawAll.aspx?pcode=R0040067
1.5,2025-03-28,國立臺灣工藝研究發展中心陶藝研發實驗室設備使用收費標準,行政＞文化部＞建設目,命令,https://law.moj.gov.tw/LawClass/LawAll.aspx?pcode=H0170158
1.5,2025-03-28,植物診療師證書與執業執照及植物診療機構開業執照收費標準,行政＞農業部＞動植物防檢疫目,命令,https://law.moj.gov.tw/LawClass/LawAll.aspx?pcode=M0140054
1.4,2025-04-21,法院辦理民事事件調解委員日費旅費及報酬支給標準,司法＞院本部＞民事目,命令,https://law.moj.gov.tw/LawClass/LawAll.aspx?pcode=A0030187
1.4,2025-05-15,內政部及所屬機關提供政府資訊收費標準,行政＞內政部＞處務目,命令,https://law.moj.gov.tw/LawClass/LawAll.aspx?pcode=D0010054
1.4,2025-04-26,全民健康保險藥品價格調整作業辦法,行政＞衛生福利部＞社會保險目,命令,https://law.moj.gov.tw/LawClass/LawAll.aspx?pcode=L0060038
1.4,2025-05-01,交通部公路局各區監理所車輛行車事故鑑定暨交通部公路局車輛行車事故覆議規費收費標準,行政＞交通部＞公路目,命令,https://law.moj.gov.tw/LawClass/LawAll.aspx?pcode=K0040070
1.4,2025-04-15,促進民間參與公共建設案件履約爭議調解收費辦法,行政＞財政部＞推動促參目,命令,https://law.moj.gov.tw/LawClass/LawAll.aspx?pcode=A0030346
1.4,2025-05-09,農田水利申請許可案件規費收費標準,行政＞農業部＞農田水利目,命令,https://law.moj.gov.tw/LawClass/LawAll.aspx?pcode=M0100030
1.3,2025-05-23,機關辦理設計競賽廠商評選及計費辦法,行政＞行政院公共工程委員會＞通用目,命令,https://law.moj.gov.tw/LawClass/LawAll.aspx?pcode=A0030073
1.3,2025-05-23,機關委託專業服務廠商評選及計費辦法,行政＞行政院公共工程委員會＞通用目,命令,https://law.moj.gov.tw/LawClass/LawAll.aspx?pcode=A0030076
1.3,2025-05-23,機關委託技術服務廠商評選及計費辦法,行政＞行政院公共工程委員會＞通用目,命令,https://law.moj.gov.tw/LawClass/LawAll.aspx?pcode=A0030077
1.3,2025-05-23,機關委託資訊服務廠商評選及計費辦法,行政＞行政院公共工程委員會＞通用目,命令,https://law.moj.gov.tw/LawClass/LawAll.aspx?pcode=A0030078
1.3,2025-06-18,商標規費收費標準,行政＞經濟部＞智慧財產權目,命令,https://law.moj.gov.tw/LawClass/LawAll.aspx?pcode=J0070005
1.3,2025-06-24,國立科學工藝博物館規費收費標準,行政＞教育部＞終身教育目,命令,https://law.moj.gov.tw/LawClass/LawAll.aspx?pcode=H0020055
1.3,2025-05-23,審計部及所屬機關提供政府資訊收費標準,監察＞審計部＞審計目,命令,https://law.moj.gov.tw/LawClass/LawAll.aspx?pcode=U0010021
1.3,2025-06-10,液化石油氣容器認可專業機構申請登錄收費標準,行政＞內政部＞消防目,命令,https://law.moj.gov.tw/LawClass/LawAll.aspx?pcode=D0120059
1.3,2025-06-25,液化石油氣容器檢驗機構申請登錄收費標準,行政＞內政部＞消防目,命令,https://law.moj.gov.tw/LawClass/LawAll.aspx?pcode=D0120060
1.3,2025-06-16,頻率使用費收費標準,行政＞數位發展部＞資源管理目,命令,https://law.moj.gov.tw/LawClass/LawAll.aspx?pcode=K0060151
1.3,2025-06-26,液化石油氣容器認可收費標準,行政＞內政部＞消防目,命令,https://law.moj.gov.tw/LawClass/LawAll.aspx?pcode=D0120064
1.3,2025-06-17,國家鐵道博物館籌備處門票收費標準,行政＞文化部＞建設目,命令,https://law.moj.gov.tw/LawClass/LawAll.aspx?pcode=H0170549
1.2,2025-07-16,海關徵收規費規則,行政＞財政部＞關務目,命令,https://law.moj.gov.tw/LawClass/LawAll.aspx?pcode=G0350025
1.2,2025-08-01,中央管河川區域使用行為規費收費標準,行政＞經濟部＞水利目,命令,https://law.moj.gov.tw/LawClass/LawAll.aspx?pcode=J0110076
1.2,2025-07-28,國土測繪成果資料收費標準,行政＞內政部＞地政目,命令,https://law.moj.gov.tw/LawClass/LawAll.aspx?pcode=D0060114
1.2,2025-07-03,衛生福利統計資料整合應用服務收費標準,行政＞衛生福利部＞統計目,命令,https://law.moj.gov.tw/LawClass/LawAll.aspx?pcode=L0010051
1.2,2025-06-27,電信事業申請無線電頻率核配審查收費標準,行政＞數位發展部＞資源管理目,命令,https://law.moj.gov.tw/LawClass/LawAll.aspx?pcode=K0060161
1.2,2025-06-30,海洋保育法海洋庇護區申請案件收費標準,行政＞海洋委員會＞海洋資源目,命令,https://law.moj.gov.tw/LawClass/LawAll.aspx?pcode=D0090075
1.2,2025-06-30,六堆客家文化園區露營區收費標準,行政＞客家委員會＞客家事務目,命令,https://law.moj.gov.tw/LawClass/LawAll.aspx?pcode=D0140027
1.2,2025-07-01,海洋動物培育或野放執行人員教育訓練證書費收費標準,行政＞海洋委員會＞海洋資源目,命令,https://law.moj.gov.tw/LawClass/LawAll.aspx?pcode=D0090086
1.2,2025-07-04,水文資訊收費標準,行政＞經濟部＞水利目,命令,https://law.moj.gov.tw/LawClass/LawAll.aspx?pcode=J0110115
1.2,2025-07-16,原住民自製獵槍安全使用訓練測驗費及證書費收費標準,行政＞原住民族委員會＞綜合規劃目,命令,https://law.moj.gov.tw/LawClass/LawAll.aspx?pcode=D0130052
1.1,2025-08-29,國立臺灣科學教育館規費收費標準,行政＞教育部＞終身教育目,命令,https://law.moj.gov.tw/LawClass/LawAll.aspx?pcode=H0020077
1.1,2025-08-25,農藥管理規費收費標準,行政＞農業部＞動植物防檢疫目,命令,https://law.moj.gov.tw/LawClass/LawAll.aspx?pcode=M0140035
1.1,2025-08-08,客家委員會客家文化發展中心六堆客家文化園區會議場地設施及設備收費標準,行政＞客家委員會＞客家事務目,命令,https://law.moj.gov.tw/LawClass/LawAll.aspx?pcode=D0140010
1.1,2025-09-05,不動產估價師證書及開業證書收費標準,行政＞內政部＞地政目,命令,https://law.moj.gov.tw/LawClass/LawAll.aspx?pcode=D0060120
1.1,2025-08-05,國立海洋科技博物館規費收費標準,行政＞教育部＞終身教育目,命令,https://law.moj.gov.tw/LawClass/LawAll.aspx?pcode=H0010065
1.1,2025-08-04,官兵權益保障會復審文書使用收費標準,行政＞國防部＞人事目,命令,https://law.moj.gov.tw/LawClass/LawAll.aspx?pcode=F0010075
1.0,2025-09-16,度量衡規費收費標準,行政＞經濟部＞標準檢驗目,命令,https://law.moj.gov.tw/LawClass/LawAll.aspx?pcode=J0100057
1.0,2025-10-13,金融監督管理委員會監理年費檢查費計繳標準及規費收取辦法,行政＞金融監督管理委員會＞收費目,命令,https://law.moj.gov.tw/LawClass/LawAll.aspx?pcode=G0380178
1.0,2025-09-09,核能安全委員會輻射偵測中心規費收費標準,行政＞核能安全委員會＞原子能目,命令,https://law.moj.gov.tw/LawClass/LawAll.aspx?pcode=J0160059
1.0,2025-09-10,國立臺灣美術館藝術圖書中心閱覽證收費標準,行政＞文化部＞建設目,命令,https://law.moj.gov.tw/LawClass/LawAll.aspx?pcode=H0170046
1.0,2025-09-17,地政士證照費收費標準,行政＞內政部＞地政目,命令,https://law.moj.gov.tw/LawClass/LawAll.aspx?pcode=D0060086
1.0,2025-09-19,中央管區域排水設施範圍使用行為規費收費標準,行政＞經濟部＞水利目,命令,https://law.moj.gov.tw/LawClass/LawAll.aspx?pcode=J0110086
1.0,2025-10-08,教育部華語文能力測驗規費收費標準,行政＞教育部＞國際及兩岸事務目,命令,https://law.moj.gov.tw/LawClass/LawAll.aspx?pcode=H0010073
0.9,2025-10-31,科技產業園區土地租用及費用計收標準,行政＞經濟部＞園區管理目,命令,https://law.moj.gov.tw/LawClass/LawAll.aspx?pcode=J0050018
0.9,2025-11-14,動植物檢疫規費收費實施辦法,行政＞農業部＞動植物防檢疫目,命令,https://law.moj.gov.tw/LawClass/LawAll.aspx?pcode=M0130013
0.9,2025-10-22,電業規費收費標準,行政＞經濟部＞能源目,命令,https://law.moj.gov.tw/LawClass/LawAll.aspx?pcode=J0030070
0.9,2025-11-06,化粧品行政規費收費標準,行政＞衛生福利部＞食品藥物管理目,命令,https://law.moj.gov.tw/LawClass/LawAll.aspx?pcode=L0030048
0.9,2025-11-12,國立中正紀念堂管理處場地及設備使用規費收費標準,行政＞文化部＞建設目,命令,https://law.moj.gov.tw/LawClass/LawAll.aspx?pcode=H0020058
0.9,2025-10-30,經濟部及所屬機關提供政府資訊收費標準,行政＞經濟部＞處務目,命令,https://law.moj.gov.tw/LawClass/LawAll.aspx?pcode=J0010051
0.9,2025-11-07,農業部農業科技園區管理中心觀賞水族展示廳門票收費標準,行政＞農業部＞農業科技園區目,命令,https://law.moj.gov.tw/LawClass/LawAll.aspx?pcode=M0080014
0.9,2025-10-22,建築物室內裝修業及專業技術人員登記證收費標準,行政＞內政部＞國土管理目,命令,https://law.moj.gov.tw/LawClass/LawAll.aspx?pcode=D0070315
0.9,2025-10-22,建築物昇降設備專業廠商專業技術人員登記證及檢查員證收費標準,行政＞內政部＞國土管理目,命令,https://law.moj.gov.tw/LawClass/LawAll.aspx?pcode=D0070316
0.9,2025-10-22,建築物機械停車設備專業廠商專業技術人員登記證及檢查員證收費標準,行政＞內政部＞國土管理目,命令,https://law.moj.gov.tw/LawClass/LawAll.aspx?pcode=D0070317
0.9,2025-11-03,玉山國家公園觀高山屋使用規費收費標準,行政＞內政部＞國家公園目,命令,https://law.moj.gov.tw/LawClass/LawAll.aspx?pcode=D0070318
0.9,2025-11-06,資通安全職能評量收費標準,行政＞數位發展部＞資通安全目,命令,https://law.moj.gov.tw/LawClass/LawAll.aspx?pcode=K0060166
0.9,2025-11-11,國軍支援交通部緊急疏運收費標準,行政＞國防部＞交通通信目,命令,https://law.moj.gov.tw/LawClass/LawAll.aspx?pcode=F0100020
0.8,2025-11-28,消防安全設備審核認可審查費及證書費收費標準,行政＞內政部＞消防目,命令,https://law.moj.gov.tw/LawClass/LawAll.aspx?pcode=D0120042
0.8,2025-12-15,環境部提供空氣品質監測儀器校驗服務規費收費標準,行政＞環境部＞監測資訊目,命令,https://law.moj.gov.tw/LawClass/LawAll.aspx?pcode=O0020087
0.8,2025-11-28,原住民族委員會原住民族文化發展中心場地設施使用規費收費標準,行政＞原住民族委員會＞文化園區目,命令,https://law.moj.gov.tw/LawClass/LawAll.aspx?pcode=D0130026
0.8,2025-12-12,考選部國家考場大樓地下停車場收費標準,考試＞考選部＞組織目,命令,https://law.moj.gov.tw/LawClass/LawAll.aspx?pcode=R0010006
0.8,2025-12-23,華山文化創意產業園區北側綠地場地使用收費標準,行政＞文化部＞文創產業目,命令,https://law.moj.gov.tw/LawClass/LawAll.aspx?pcode=H0170108
0.8,2025-12-26,勞動部受理外國專業人才延攬及僱用法申請案件收費標準,行政＞勞動部＞就業服務目,命令,https://law.moj.gov.tw/LawClass/LawAll.aspx?pcode=N0090052
0.8,2025-11-21,卷宗及證物開示及收費規則,行政＞法務部,命令,https://law.moj.gov.tw/LawClass/LawAll.aspx?pcode=I0030059
0.8,2025-12-11,申請再生醫療及刊播廣告審查費收費標準,行政＞衛生福利部＞醫事目,命令,https://law.moj.gov.tw/LawClass/LawAll.aspx?pcode=L0020257
0.8,2025-12-12,獸醫師（佐）證書與執業執照及獸醫診療機構開業執照收費標準,行政＞農業部＞動植物防檢疫目,命令,https://law.moj.gov.tw/LawClass/LawAll.aspx?pcode=M0130051
0.8,2025-12-26,再生醫療細胞操作及細胞保存庫設置許可收費標準,行政＞衛生福利部＞食品藥物管理目,命令,https://law.moj.gov.tw/LawClass/LawAll.aspx?pcode=L0020258
0.7,2025-12-31,就業服務法申請案件審查費及證照費收費標準,行政＞勞動部＞就業服務目,命令,https://law.moj.gov.tw/LawClass/LawAll.aspx?pcode=N0090030
0.7,2026-01-21,國立臺南生活美學館場地使用規費收費標準,行政＞文化部＞建設目,命令,https://law.moj.gov.tw/LawClass/LawAll.aspx?pcode=H0020062
0.7,2025-12-30,商業登記規費收費準則,行政＞經濟部＞商業目,命令,https://law.moj.gov.tw/LawClass/LawAll.aspx?pcode=J0080046
0.7,2025-12-29,臺北警光會館使用規費收費標準,行政＞內政部＞警政目,命令,https://law.moj.gov.tw/LawClass/LawAll.aspx?pcode=D0080178
0.7,2026-01-27,食品及相關產品輸入查驗規費收費標準,行政＞衛生福利部＞食品藥物管理目,命令,https://law.moj.gov.tw/LawClass/LawAll.aspx?pcode=L0040091
0.7,2025-12-30,國立臺灣工藝研究發展中心材料分析與技術諮詢收費標準,行政＞教育部＞終身教育目,命令,https://law.moj.gov.tw/LawClass/LawAll.aspx?pcode=H0170093
0.7,2026-01-02,陽明山國家公園土地使用證明規費收費標準,行政＞內政部＞國家公園目,命令,https://law.moj.gov.tw/LawClass/LawAll.aspx?pcode=D0070275
0.7,2025-12-29,再生醫療製劑審查費收費標準,行政＞衛生福利部＞食品藥物管理目,命令,https://law.moj.gov.tw/LawClass/LawAll.aspx?pcode=L0030149
0.6,2026-03-03,科技產業園區管理費規費及服務費收費標準,行政＞經濟部＞園區管理目,命令,https://law.moj.gov.tw/LawClass/LawAll.aspx?pcode=J0050019
0.6,2026-02-03,環境用藥各項許可申請及檢驗收費標準,行政＞環境部＞化學物質管理目,命令,https://law.moj.gov.tw/LawClass/LawAll.aspx?pcode=O0060008
0.6,2026-02-06,國立臺東生活美學館規費收費標準,行政＞文化部＞建設目,命令,https://law.moj.gov.tw/LawClass/LawAll.aspx?pcode=H0020059
0.6,2026-03-04,消防機具器材及設備登錄機構規費收費標準,行政＞內政部＞消防目,命令,https://law.moj.gov.tw/LawClass/LawAll.aspx?pcode=D0120052
0.5,2026-03-20,檢驗測定許可申請收費標準,行政＞環境部＞國家環境研究目,命令,https://law.moj.gov.tw/LawClass/LawAll.aspx?pcode=O0070003
0.5,2026-03-13,農業科技園區管理費服務費及必要費用收費標準,行政＞農業部＞農業科技園區目,命令,https://law.moj.gov.tw/LawClass/LawAll.aspx?pcode=M0080002
0.5,2026-03-25,國立公共資訊圖書館規費收費標準,行政＞文化部＞建設目,命令,https://law.moj.gov.tw/LawClass/LawAll.aspx?pcode=H0170060
0.5,2026-03-19,僑務委員會核發華僑身分證明書規費收費標準,行政＞僑務委員會＞僑民權益目,命令,https://law.moj.gov.tw/LawClass/LawAll.aspx?pcode=E0040023
0.5,2026-03-24,消防機具器材及設備登錄認定機構規費收費標準,行政＞內政部＞消防目,命令,https://law.moj.gov.tw/LawClass/LawAll.aspx?pcode=D0120065
0.5,2026-03-23,國防醫學大學博士班及碩士班入學招生考試規費收費標準,行政＞國防部＞醫務目,命令,https://law.moj.gov.tw/LawClass/LawAll.aspx?pcode=F0130004
0.5,2026-04-08,臺灣人體生物資料庫資料及檢體使用收費標準,總統＞總統府＞中央研究院目,命令,https://law.moj.gov.tw/LawClass/LawAll.aspx?pcode=A0020201
0.4,2026-04-15,全民健康保險保險人對外提供資料收費標準,行政＞衛生福利部＞中央健康保險目,命令,https://law.moj.gov.tw/LawClass/LawAll.aspx?pcode=L0060022
0.4,2026-04-29,醫療廢棄物再利用許可審查收費標準,行政＞衛生福利部＞醫事目,命令,https://law.moj.gov.tw/LawClass/LawAll.aspx?pcode=L0020259
0.3,2026-05-29,公路證照及監理規費收費辦法,行政＞交通部＞公路目,命令,https://law.moj.gov.tw/LawClass/LawAll.aspx?pcode=K0040011
0.3,2026-06-23,程序監理人選任及酬金支給辦法,司法＞院本部＞少年及家事目,命令,https://law.moj.gov.tw/LawClass/LawAll.aspx?pcode=B0010053
0.3,2026-06-22,環境部環境保護產品證書規費收費標準,行政＞環境部＞綜合規劃目,命令,https://law.moj.gov.tw/LawClass/LawAll.aspx?pcode=O0010014
0.3,2026-06-09,農業部農業藥物試驗所技術服務收費標準,行政＞農業部＞農業試驗改良目,命令,https://law.moj.gov.tw/LawClass/LawAll.aspx?pcode=M0140041
0.3,2026-06-01,非都市土地海域用地區位許可案件審查費收費標準,行政＞內政部＞國土管理目,命令,https://law.moj.gov.tw/LawClass/LawAll.aspx?pcode=D0060142
0.3,2026-06-04,運動部及所屬機關提供政府資訊收費標準,行政＞運動部＞秘書目,命令,https://law.moj.gov.tw/LawClass/LawAll.aspx?pcode=H0120102
0.3,2026-06-23,友善海洋標章規費收費標準,行政＞海洋委員會＞海洋資源目,命令,https://law.moj.gov.tw/LawClass/LawAll.aspx?pcode=D0090090
0.2,2026-07-13,商品檢驗規費收費辦法,行政＞經濟部＞標準檢驗目,命令,https://law.moj.gov.tw/LawClass/LawAll.aspx?pcode=J0100023
0.2,2026-07-29,原住民族委員會原住民族文化發展中心門票及停車清潔費收費標準,行政＞原住民族委員會＞文化園區目,命令,https://law.moj.gov.tw/LawClass/LawAll.aspx?pcode=D0130027
0.2,2026-07-21,交通部公路局工程材料技術所試驗收費標準,行政＞交通部＞處務目,命令,https://law.moj.gov.tw/LawClass/LawAll.aspx?pcode=K0010137
0.2,2026-07-21,國家發展委員會檔案管理局電子檔案技術服務收費標準,行政＞國家發展委員會＞通用目,命令,https://law.moj.gov.tw/LawClass/LawAll.aspx?pcode=A0020185
0.2,2026-07-30,教育部對外華語教學能力認證考試規費收費標準,行政＞教育部＞國際及兩岸事務目,命令,https://law.moj.gov.tw/LawClass/LawAll.aspx?pcode=H0110010
0.1,2026-08-27,使用國營航空站助航設備及相關設施收費標準,行政＞交通部＞航空目,命令,https://law.moj.gov.tw/LawClass/LawAll.aspx?pcode=K0090019
0.1,2026-08-05,出境航空旅客機場服務費收費及作業辦法,行政＞交通部＞觀光目,命令,https://law.moj.gov.tw/LawClass/LawAll.aspx?pcode=K0110005
0.1,2026-08-11,核子反應器設施管制收費標準,行政＞核能安全委員會＞原子能目,命令,https://law.moj.gov.tw/LawClass/LawAll.aspx?pcode=J0160033
0.1,2026-08-11,廣播電視出版及電影業務行政規費收費標準,行政＞文化部＞建設目,命令,https://law.moj.gov.tw/LawClass/LawAll.aspx?pcode=P0050032
0.1,2026-08-31,農業部茶及飲料作物改良場受託辦理茶葉感官鑑識收費標準,行政＞農業部＞農業試驗改良目,命令,https://law.moj.gov.tw/LawClass/LawAll.aspx?pcode=M0010034
0.1,2026-08-14,出流管制計畫書與規劃書審查收費標準,行政＞經濟部＞水利目,命令,https://law.moj.gov.tw/LawClass/LawAll.aspx?pcode=J0110109
0.1,2026-09-01,碳費收費辦法,行政＞環境部＞氣候變遷目,命令,https://law.moj.gov.tw/LawClass/LawAll.aspx?pcode=O0020139
0.1,2026-08-10,彰濱產業園區崙尾土方暫置區收費標準,行政＞內政部＞國土管理目,命令,https://law.moj.gov.tw/LawClass/LawAll.aspx?pcode=D0070322
0.1,2026-08-21,樹木保護專業人員培訓考選認證規費收費標準,行政＞農業部＞林業及自然保育目,命令,https://law.moj.gov.tw/LawClass/LawAll.aspx?pcode=M0040051
0.1,2026-08-31,大陸地區大學學歷甄試收費標準,行政＞教育部＞高等教育目,命令,https://law.moj.gov.tw/LawClass/LawAll.aspx?pcode=H0030070
0.0,2026-09-08,國家圖書館規費收費標準,行政＞教育部＞終身教育目,命令,https://law.moj.gov.tw/LawClass/LawAll.aspx?pcode=H0020057
0.0,2026-09-15,動物用藥品許可查驗規費收費標準,行政＞農業部＞動植物防檢疫目,命令,https://law.moj.gov.tw/LawClass/LawAll.aspx?pcode=M0130025
